step,id,x,y
0,0,22.44,6.72
0,1,27.68,0.83
0,2,11.63,1.74
0,3,0.11,6.81
0,4,12.37,6.68
0,5,23.14,6.83
0,6,5.56,7.54
0,7,27.98,0.79
0,8,0.82,2.45
0,9,6.07,7.07
0,10,26.57,2.93
0,11,17.71,5.79
0,12,3.38,2.22
0,13,18.35,3.58
0,14,18.48,1.17
0,15,28.75,4.43
0,16,5.72,0.37
0,17,20.40,6.30
0,18,8.61,7.87
0,19,10.75,5.92
0,20,0.32,0.72
0,21,11.25,2.96
0,22,18.17,0.20
0,23,22.34,5.91
0,24,11.86,1.13
0,25,17.26,9.82
0,26,26.14,8.20
0,27,20.16,8.97
0,28,21.37,9.26
0,29,9.98,4.68
0,30,29.58,3.41
0,31,25.37,1.19
0,32,29.27,9.84
0,33,22.23,9.79
0,34,19.25,4.52
0,35,9.48,4.41
0,36,17.13,2.82
0,37,13.58,7.51
0,38,21.14,9.55
0,39,8.95,1.96
0,40,17.57,2.72
0,41,23.77,5.66
0,42,12.81,1.97
0,43,18.32,5.22
0,44,24.07,9.89
0,45,15.77,5.59
0,46,6.30,6.41
0,47,22.30,1.81
0,48,8.77,2.56
0,49,6.81,0.32
0,50,0.80,6.95
0,51,16.40,4.62
0,52,18.73,9.56
0,53,8.68,4.60
0,54,13.56,5.71
0,55,16.51,2.54
0,56,21.93,5.71
0,57,16.54,6.17
0,58,9.76,3.24
0,59,27.09,1.98
0,60,11.04,7.07
0,61,16.57,7.99
0,62,1.00,9.79
0,63,28.25,0.25
0,64,6.53,8.17
0,65,12.31,1.92
0,66,12.65,8.18
0,67,11.31,9.29
0,68,18.31,0.43
0,69,9.71,3.48
0,70,9.91,7.66
0,71,3.53,1.75
0,72,26.16,1.52
0,73,21.13,8.15
0,74,22.53,9.01
0,75,21.13,7.18
0,76,8.93,6.49
0,77,27.87,8.81
0,78,18.59,1.35
0,79,11.50,0.69
0,80,22.39,9.47
0,81,21.71,4.22
0,82,6.44,9.17
0,83,23.69,1.46
0,84,26.08,7.37
0,85,4.57,8.77
0,86,6.11,2.06
0,87,8.15,3.90
0,88,28.54,4.13
0,89,7.92,3.94
0,90,8.91,4.26
0,91,24.73,8.96
0,92,11.68,6.75
0,93,9.36,0.82
0,94,16.05,6.51
0,95,20.04,7.58
0,96,23.41,2.12
0,97,22.70,2.13
0,98,5.95,8.60
0,99,12.71,4.42
0,100,19.70,5.65
0,101,15.83,0.46
0,102,10.27,3.26
0,103,28.15,3.62
0,104,24.80,0.71
0,105,11.82,0.93
0,106,28.68,1.37
0,107,22.00,5.89
0,108,10.39,9.27
0,109,17.89,0.43
0,110,22.57,8.63
0,111,1.62,5.88
0,112,3.64,4.35
0,113,7.57,5.77
0,114,17.18,2.98
0,115,17.21,1.84
0,116,3.76,2.93
0,117,10.73,3.72
0,118,12.66,3.52
0,119,21.21,6.05
0,120,7.51,0.81
0,121,12.53,1.96
0,122,4.03,0.98
0,123,16.54,6.69
0,124,23.34,8.23
0,125,21.76,2.06
0,126,19.56,8.89
0,127,13.54,0.61
0,128,14.43,7.31
0,129,3.35,0.65
0,130,28.21,6.56
0,131,5.75,7.64
0,132,10.14,9.77
0,133,21.19,9.12
0,134,15.75,2.86
0,135,24.40,6.31
0,136,26.60,6.98
0,137,24.40,5.15
0,138,18.14,1.30
0,139,1.77,0.53
0,140,6.07,0.79
0,141,23.64,2.13
0,142,0.57,6.21
0,143,12.87,7.19
0,144,14.34,5.06
0,145,11.74,7.48
0,146,9.62,1.72
0,147,26.50,6.09
0,148,7.94,9.71
0,149,23.91,2.63
0,150,4.20,9.12
0,151,3.47,0.14
0,152,9.36,4.84
0,153,6.55,4.09
0,154,20.44,7.94
0,155,20.73,6.69
0,156,1.16,6.59
0,157,4.84,5.70
0,158,1.31,7.26
0,159,6.39,1.48
0,160,19.04,4.33
0,161,9.15,2.48
0,162,3.74,8.16
0,163,27.51,1.87
0,164,23.39,8.90
0,165,0.15,5.36
0,166,4.85,7.98
0,167,8.68,3.28
0,168,29.83,2.29
0,169,12.64,7.37
0,170,26.64,5.29
0,171,16.25,5.11
0,172,18.49,8.34
0,173,8.23,1.07
0,174,9.75,6.65
0,175,20.47,9.40
0,176,11.45,4.76
0,177,6.65,6.98
0,178,5.39,3.76
0,179,6.28,9.81
0,180,20.00,6.52
0,181,25.89,3.74
0,182,26.71,2.85
0,183,12.59,2.05
0,184,9.34,0.98
0,185,11.11,9.15
0,186,8.60,4.93
0,187,10.72,5.74
0,188,6.63,1.63
0,189,22.16,2.37
0,190,25.96,6.71
0,191,11.32,7.50
0,192,1.65,8.73
0,193,20.00,7.74
0,194,21.46,4.05
0,195,10.12,5.11
0,196,18.35,4.36
0,197,1.89,9.74
0,198,1.06,5.15
0,199,12.42,2.97
0,200,17.76,3.50
0,201,5.10,8.83
0,202,9.24,6.20
0,203,16.28,8.91
0,204,25.23,4.51
0,205,9.67,9.11
0,206,2.39,7.80
0,207,14.68,2.38
0,208,26.91,1.47
0,209,9.70,6.86
0,210,11.10,2.50
0,211,16.02,3.28
0,212,6.25,7.08
0,213,13.49,0.38
0,214,21.24,3.80
0,215,23.80,2.87
0,216,29.51,7.47
0,217,2.40,1.09
0,218,23.79,6.41
0,219,4.80,5.41
0,220,20.29,8.26
0,221,28.42,6.01
0,222,23.37,7.68
0,223,26.06,1.03
0,224,1.71,1.09
0,225,0.85,1.65
0,226,6.71,0.25
0,227,20.64,0.18
0,228,28.69,2.15
0,229,0.74,8.05
0,230,12.88,5.82
0,231,22.07,8.92
0,232,18.38,2.25
0,233,15.48,5.89
0,234,29.64,0.74
0,235,27.69,6.05
0,236,18.88,6.72
0,237,21.00,3.32
0,238,5.73,2.39
0,239,0.66,0.81
0,240,17.66,8.30
0,241,23.27,4.69
0,242,18.37,6.28
0,243,10.34,1.92
0,244,7.99,0.05
0,245,28.43,0.56
0,246,3.75,5.90
0,247,2.32,8.68
0,248,14.34,9.82
0,249,1.53,8.63
0,250,16.47,2.19
0,251,6.34,2.40
0,252,16.78,6.58
0,253,24.31,6.22
0,254,28.18,5.30
0,255,3.32,9.28
0,256,13.64,6.91
0,257,21.53,4.11
0,258,15.18,7.51
0,259,21.15,4.95
0,260,13.39,3.67
0,261,15.97,1.01
0,262,3.81,6.55
0,263,9.19,9.81
0,264,14.95,5.42
0,265,12.41,9.89
0,266,15.90,1.32
0,267,1.45,5.82
0,268,6.96,7.38
0,269,20.24,5.60
0,270,2.02,8.14
0,271,28.56,4.40
0,272,15.65,3.34
0,273,3.70,3.85
0,274,3.85,8.56
0,275,18.83,6.10
0,276,21.48,9.01
0,277,7.51,7.66
0,278,5.22,8.13
0,279,17.12,0.51
0,280,14.78,6.86
0,281,14.68,5.69
0,282,11.93,6.72
0,283,3.66,8.34
0,284,9.60,1.46
0,285,25.19,7.37
0,286,0.29,9.95
0,287,0.81,4.59
0,288,16.88,6.83
0,289,17.01,0.40
0,290,4.42,1.87
0,291,18.78,2.45
0,292,6.12,4.95
0,293,21.84,4.27
0,294,12.33,8.79
0,295,20.16,9.03
0,296,5.66,4.88
0,297,9.56,7.23
0,298,0.72,4.83
0,299,23.24,2.19
0,300,12.04,3.92
0,301,0.44,3.02
0,302,18.48,7.83
0,303,13.80,8.17
0,304,7.77,9.57
0,305,16.67,9.72
0,306,19.12,7.62
0,307,26.10,1.34
0,308,28.10,2.82
0,309,22.47,9.81
0,310,11.67,4.54
0,311,2.15,4.32
0,312,6.58,2.95
0,313,2.99,1.13
0,314,20.56,9.69
0,315,0.12,9.92
0,316,28.76,2.71
0,317,1.71,9.01
0,318,4.27,6.74
0,319,1.25,4.20
0,320,5.88,6.43
0,321,27.14,0.49
0,322,2.40,4.07
0,323,6.71,0.53
0,324,25.69,7.17
0,325,7.66,8.67
0,326,1.96,9.11
0,327,26.46,5.18
0,328,3.70,7.38
0,329,5.57,9.20
0,330,2.04,3.49
0,331,13.95,4.41
0,332,11.65,8.77
0,333,29.51,7.35
0,334,7.41,9.27
0,335,6.43,1.78
0,336,25.95,5.08
0,337,16.29,7.10
0,338,10.84,6.94
0,339,1.71,7.97
0,340,24.17,5.14
0,341,10.71,-0.07
0,342,24.08,4.09
0,343,26.39,1.20
0,344,10.39,7.33
0,345,2.61,8.73
0,346,7.79,5.83
0,347,14.05,8.79
0,348,29.40,5.47
0,349,29.22,5.44
0,350,29.85,5.91
0,351,2.35,0.43
0,352,20.03,6.19
0,353,16.82,9.49
0,354,23.26,0.07
0,355,18.66,2.07
0,356,16.03,6.69
0,357,7.68,9.87
0,358,11.17,8.95
0,359,14.64,1.87
0,360,7.23,4.78
0,361,14.10,2.20
0,362,22.72,4.38
0,363,29.35,6.55
0,364,28.32,9.36
0,365,10.75,5.86
0,366,25.99,5.10
0,367,11.68,9.92
0,368,27.19,3.01
0,369,6.07,2.87
0,370,0.61,4.85
0,371,20.64,2.37
0,372,20.95,4.62
0,373,12.36,7.43
0,374,28.47,0.85
0,375,23.76,7.14
0,376,1.95,4.43
0,377,4.70,7.39
0,378,13.93,4.63
0,379,18.80,1.66
0,380,11.67,9.66
0,381,18.52,6.37
0,382,22.05,2.92
0,383,16.83,0.53
0,384,23.83,1.79
0,385,25.97,7.54
0,386,6.09,0.70
0,387,20.09,5.00
0,388,25.82,4.53
0,389,11.18,8.59
0,390,3.48,4.88
0,391,16.04,7.45
0,392,29.38,3.79
0,393,3.79,7.50
0,394,20.62,9.69
0,395,20.50,7.96
0,396,9.81,8.29
0,397,11.93,0.33
0,398,26.54,3.19
0,399,19.81,2.54
0,400,13.40,1.43
0,401,3.38,9.55
0,402,25.03,4.65
0,403,21.37,2.11
0,404,14.76,4.96
0,405,25.75,4.22
0,406,25.81,3.76
0,407,3.32,3.32
0,408,1.90,3.50
0,409,15.42,0.98
0,410,4.36,0.80
0,411,2.69,0.13
0,412,20.46,0.15
0,413,14.91,6.11
0,414,0.33,7.83
0,415,12.39,6.78
0,416,26.62,3.66
0,417,19.55,9.79
0,418,25.04,1.84
0,419,17.00,2.29
0,420,28.89,6.96
0,421,22.46,0.61
0,422,17.36,8.30
0,423,17.19,5.60
0,424,8.56,6.48
0,425,18.31,1.53
0,426,28.61,6.54
0,427,13.06,2.70
0,428,8.46,2.83
0,429,26.11,7.64
0,430,6.28,6.28
0,431,6.01,4.33
0,432,1.47,3.29
0,433,10.65,4.83
0,434,15.78,4.89
0,435,19.58,5.41
0,436,16.90,4.83
0,437,2.22,9.07
0,438,2.14,6.92
0,439,18.94,5.58
0,440,15.93,8.83
0,441,25.85,8.20
0,442,19.46,3.89
0,443,29.05,0.79
0,444,25.82,6.78
0,445,18.99,4.17
0,446,29.46,5.88
0,447,1.77,6.53
0,448,22.93,7.49
0,449,7.40,6.29
0,450,19.21,4.41
0,451,1.44,1.78
0,452,14.20,5.25
0,453,0.76,6.55
0,454,16.35,5.83
0,455,19.54,4.80
0,456,17.70,9.39
0,457,26.26,5.52
0,458,4.70,7.13
0,459,17.85,9.83
0,460,1.89,5.45
0,461,1.47,0.06
0,462,7.43,2.06
0,463,20.48,5.06
0,464,23.34,6.66
0,465,15.28,1.27
0,466,9.43,8.81
0,467,14.53,1.82
0,468,23.66,7.90
0,469,28.40,5.04
0,470,18.39,9.18
0,471,19.64,5.08
0,472,4.75,9.83
0,473,12.31,3.17
0,474,24.56,8.56
0,475,26.24,5.44
0,476,12.96,4.74
0,477,16.28,5.03
0,478,9.43,7.53
0,479,12.67,2.02
0,480,22.16,3.82
0,481,14.42,2.09
0,482,2.75,4.30
0,483,10.51,6.38
0,484,15.37,5.43
0,485,10.39,2.21
0,486,8.90,8.91
0,487,9.56,8.60
0,488,25.09,4.48
0,489,11.41,6.02
0,490,11.56,8.44
0,491,0.82,3.70
0,492,12.67,3.62
0,493,20.87,4.26
0,494,27.21,3.22
0,495,8.47,9.59
0,496,6.01,4.78
0,497,19.65,6.41
0,498,27.58,4.78
0,499,20.75,6.61
1,0,22.51,6.65
1,1,27.77,0.80
1,2,11.73,1.74
1,3,0.21,6.78
1,4,12.46,6.65
1,5,23.21,6.76
1,6,5.66,7.51
1,7,28.08,0.75
1,8,0.92,2.44
1,9,6.17,7.04
1,10,26.65,2.87
1,11,17.80,5.74
1,12,3.48,2.21
1,13,18.45,3.55
1,14,18.58,1.16
1,15,28.78,4.34
1,16,5.82,0.37
1,17,20.49,6.25
1,18,8.70,7.84
1,19,10.84,5.89
1,20,0.42,0.72
1,21,11.35,2.94
1,22,18.27,0.19
1,23,22.42,5.85
1,24,11.96,1.13
1,25,17.34,9.76
1,26,26.19,8.11
1,27,20.23,8.90
1,28,21.44,9.18
1,29,10.08,4.65
1,30,29.59,3.31
1,31,25.47,1.17
1,32,29.28,9.74
1,33,22.29,9.71
1,34,19.34,4.48
1,35,9.58,4.39
1,36,17.23,2.80
1,37,13.67,7.46
1,38,21.21,9.48
1,39,9.05,1.95
1,40,17.66,2.70
1,41,23.84,5.59
1,42,12.91,1.96
1,43,18.41,5.17
1,44,24.12,9.80
1,45,15.86,5.55
1,46,6.39,6.38
1,47,22.40,1.79
1,48,8.87,2.55
1,49,6.91,0.31
1,50,0.89,6.92
1,51,16.50,4.59
1,52,18.81,9.49
1,53,8.77,4.58
1,54,13.66,5.68
1,55,16.61,2.52
1,56,22.01,5.66
1,57,16.63,6.13
1,58,9.86,3.23
1,59,27.17,1.92
1,60,11.14,7.04
1,61,16.66,7.94
1,62,1.09,9.76
1,63,28.34,0.24
1,64,6.62,8.14
1,65,12.41,1.91
1,66,12.74,8.14
1,67,11.40,9.24
1,68,18.41,0.43
1,69,9.81,3.46
1,70,10.00,7.62
1,71,3.63,1.74
1,72,26.25,1.48
1,73,21.21,8.09
1,74,22.59,8.94
1,75,21.21,7.12
1,76,9.03,6.46
1,77,27.89,8.71
1,78,18.69,1.33
1,79,11.60,0.69
1,80,22.46,9.40
1,81,21.80,4.17
1,82,6.53,9.13
1,83,23.79,1.44
1,84,26.12,7.29
1,85,4.67,8.73
1,86,6.21,2.05
1,87,8.24,3.89
1,88,28.57,4.04
1,89,8.01,3.92
1,90,9.01,4.24
1,91,24.78,8.88
1,92,11.77,6.72
1,93,9.46,0.82
1,94,16.14,6.46
1,95,20.12,7.52
1,96,23.51,2.09
1,97,22.79,2.11
1,98,6.05,8.56
1,99,12.80,4.39
1,100,19.79,5.60
1,101,15.93,0.46
1,102,10.37,3.24
1,103,28.19,3.53
1,104,24.90,0.70
1,105,11.92,0.93
1,106,28.75,1.29
1,107,22.08,5.83
1,108,10.48,9.23
1,109,17.99,0.42
1,110,22.63,8.55
1,111,1.72,5.86
1,112,3.74,4.33
1,113,7.66,5.75
1,114,17.28,2.96
1,115,17.31,1.82
1,116,3.86,2.92
1,117,10.83,3.71
1,118,12.76,3.50
1,119,21.29,5.99
1,120,7.61,0.81
1,121,12.63,1.95
1,122,4.13,0.98
1,123,16.63,6.65
1,124,23.40,8.15
1,125,21.86,2.04
1,126,19.64,8.82
1,127,13.64,0.61
1,128,14.52,7.27
1,129,3.45,0.65
1,130,28.24,6.46
1,131,5.84,7.61
1,132,10.23,9.73
1,133,21.26,9.04
1,134,15.85,2.84
1,135,24.47,6.23
1,136,26.65,6.89
1,137,24.48,5.08
1,138,18.24,1.29
1,139,1.87,0.52
1,140,6.17,0.79
1,141,23.74,2.10
1,142,0.67,6.19
1,143,12.97,7.15
1,144,14.43,5.03
1,145,11.83,7.44
1,146,9.72,1.72
1,147,26.55,6.00
1,148,8.03,9.67
1,149,24.00,2.59
1,150,4.29,9.08
1,151,3.57,0.14
1,152,9.45,4.81
1,153,6.65,4.07
1,154,20.52,7.87
1,155,20.81,6.64
1,156,1.26,6.56
1,157,4.94,5.67
1,158,1.41,7.24
1,159,6.49,1.48
1,160,19.13,4.29
1,161,9.25,2.47
1,162,3.83,8.13
1,163,27.59,1.81
1,164,23.44,8.82
1,165,0.24,5.35
1,166,4.94,7.95
1,167,8.78,3.26
1,168,29.83,2.19
1,169,12.73,7.33
1,170,26.69,5.21
1,171,16.34,5.08
1,172,18.57,8.29
1,173,8.33,1.07
1,174,9.85,6.62
1,175,20.54,9.33
1,176,11.55,4.73
1,177,6.75,6.96
1,178,5.48,3.75
1,179,6.37,9.78
1,180,20.08,6.47
1,181,25.96,3.68
1,182,26.79,2.79
1,183,12.69,2.04
1,184,9.44,0.98
1,185,11.20,9.11
1,186,8.70,4.91
1,187,10.81,5.71
1,188,6.73,1.62
1,189,22.26,2.34
1,190,26.01,6.63
1,191,11.41,7.46
1,192,1.75,8.70
1,193,20.08,7.67
1,194,21.55,4.01
1,195,10.22,5.08
1,196,18.44,4.32
1,197,1.99,9.70
1,198,1.16,5.13
1,199,12.51,2.95
1,200,17.86,3.47
1,201,5.20,8.79
1,202,9.34,6.17
1,203,16.37,8.86
1,204,25.31,4.44
1,205,9.76,9.07
1,206,2.49,7.77
1,207,14.78,2.37
1,208,27.00,1.43
1,209,9.79,6.83
1,210,11.20,2.49
1,211,16.12,3.25
1,212,6.35,7.06
1,213,13.59,0.37
1,214,21.33,3.76
1,215,23.89,2.83
1,216,29.51,7.37
1,217,2.50,1.09
1,218,23.85,6.34
1,219,4.90,5.39
1,220,20.37,8.20
1,221,28.44,5.91
1,222,23.44,7.60
1,223,26.16,1.00
1,224,1.81,1.09
1,225,0.95,1.64
1,226,6.81,0.25
1,227,20.74,0.18
1,228,28.74,2.06
1,229,0.84,8.02
1,230,12.97,5.79
1,231,22.13,8.85
1,232,18.48,2.23
1,233,15.57,5.85
1,234,29.68,0.65
1,235,27.73,5.96
1,236,18.97,6.67
1,237,21.10,3.28
1,238,5.83,2.38
1,239,0.76,0.81
1,240,17.74,8.24
1,241,23.35,4.63
1,242,18.46,6.23
1,243,10.44,1.91
1,244,8.09,0.05
1,245,28.52,0.53
1,246,3.84,5.87
1,247,2.42,8.65
1,248,14.43,9.77
1,249,1.63,8.60
1,250,16.57,2.17
1,251,6.44,2.39
1,252,16.87,6.53
1,253,24.37,6.15
1,254,28.22,5.21
1,255,3.41,9.25
1,256,13.73,6.87
1,257,21.62,4.07
1,258,15.26,7.47
1,259,21.24,4.90
1,260,13.49,3.65
1,261,16.07,1.00
1,262,3.90,6.52
1,263,9.28,9.77
1,264,15.04,5.39
1,265,12.49,9.84
1,266,16.00,1.31
1,267,1.55,5.80
1,268,7.06,7.35
1,269,20.33,5.55
1,270,2.11,8.12
1,271,28.59,4.30
1,272,15.74,3.31
1,273,3.80,3.84
1,274,3.94,8.53
1,275,18.92,6.05
1,276,21.55,8.94
1,277,7.60,7.63
1,278,5.32,8.10
1,279,17.22,0.50
1,280,14.87,6.82
1,281,14.77,5.65
1,282,12.02,6.69
1,283,3.76,8.31
1,284,9.70,1.45
1,285,25.25,7.28
1,286,0.38,9.92
1,287,0.91,4.57
1,288,16.97,6.79
1,289,17.11,0.40
1,290,4.52,1.86
1,291,18.88,2.43
1,292,6.21,4.93
1,293,21.93,4.23
1,294,12.42,8.75
1,295,20.23,8.96
1,296,5.76,4.86
1,297,9.65,7.20
1,298,0.82,4.81
1,299,23.33,2.16
1,300,12.13,3.90
1,301,0.54,3.01
1,302,18.57,7.78
1,303,13.89,8.13
1,304,7.86,9.53
1,305,16.75,9.66
1,306,19.20,7.56
1,307,26.19,1.30
1,308,28.16,2.74
1,309,22.53,9.73
1,310,11.77,4.52
1,311,2.25,4.31
1,312,6.68,2.93
1,313,3.09,1.13
1,314,20.63,9.62
1,315,0.22,9.89
1,316,28.80,2.62
1,317,1.81,8.98
1,318,4.37,6.72
1,319,1.35,4.19
1,320,5.97,6.41
1,321,27.23,0.47
1,322,2.50,4.05
1,323,6.81,0.53
1,324,25.74,7.08
1,325,7.75,8.64
1,326,2.05,9.08
1,327,26.52,5.10
1,328,3.79,7.35
1,329,5.66,9.17
1,330,2.14,3.48
1,331,14.05,4.38
1,332,11.74,8.73
1,333,29.52,7.25
1,334,7.51,9.23
1,335,6.53,1.77
1,336,26.01,5.00
1,337,16.38,7.05
1,338,10.93,6.91
1,339,1.81,7.94
1,340,24.24,5.07
1,341,10.81,-0.07
1,342,24.16,4.03
1,343,26.48,1.16
1,344,10.49,7.30
1,345,2.71,8.70
1,346,7.89,5.80
1,347,14.13,8.74
1,348,29.41,5.37
1,349,29.24,5.34
1,350,29.85,5.81
1,351,2.45,0.43
1,352,20.12,6.14
1,353,16.90,9.43
1,354,23.36,0.07
1,355,18.76,2.05
1,356,16.12,6.65
1,357,7.77,9.83
1,358,11.26,8.91
1,359,14.74,1.86
1,360,7.33,4.76
1,361,14.20,2.18
1,362,22.80,4.33
1,363,29.36,6.45
1,364,28.34,9.26
1,365,10.85,5.84
1,366,26.05,5.02
1,367,11.77,9.88
1,368,27.26,2.93
1,369,6.17,2.86
1,370,0.71,4.83
1,371,20.74,2.34
1,372,21.04,4.57
1,373,12.45,7.39
1,374,28.56,0.80
1,375,23.82,7.06
1,376,2.05,4.42
1,377,4.80,7.37
1,378,14.02,4.60
1,379,18.22,2.02
1,380,11.76,9.61
1,381,18.61,6.32
1,382,22.14,2.88
1,383,16.93,0.53
1,384,23.92,1.76
1,385,26.01,7.46
1,386,6.19,0.70
1,387,20.18,4.95
1,388,25.88,4.46
1,389,11.27,8.55
1,390,3.58,4.86
1,391,16.13,7.40
1,392,29.40,3.70
1,393,3.89,7.47
1,394,20.69,9.62
1,395,20.58,7.90
1,396,9.90,8.25
1,397,12.03,0.32
1,398,26.62,3.13
1,399,19.91,2.52
1,400,13.50,1.42
1,401,3.48,9.52
1,402,25.10,4.58
1,403,21.47,2.08
1,404,14.85,4.93
1,405,25.82,4.15
1,406,25.89,3.69
1,407,3.42,3.31
1,408,2.00,3.49
1,409,15.52,0.97
1,410,4.46,0.80
1,411,2.79,0.13
1,412,20.56,0.15
1,413,15.01,6.07
1,414,0.43,7.81
1,415,12.48,6.74
1,416,26.69,3.58
1,417,19.62,9.72
1,418,25.13,1.80
1,419,17.10,2.27
1,420,28.90,6.86
1,421,22.56,0.60
1,422,17.45,8.24
1,423,17.28,5.56
1,424,8.65,6.45
1,425,18.41,1.52
1,426,28.63,6.44
1,427,13.15,2.69
1,428,8.56,2.82
1,429,26.15,7.55
1,430,6.38,6.25
1,431,6.10,4.31
1,432,1.57,3.28
1,433,10.75,4.80
1,434,15.88,4.86
1,435,19.67,5.36
1,436,16.99,4.79
1,437,2.31,9.04
1,438,2.24,6.89
1,439,19.03,5.54
1,440,16.01,8.77
1,441,25.89,8.11
1,442,19.55,3.86
1,443,29.13,0.73
1,444,25.87,6.69
1,445,19.08,4.14
1,446,29.47,5.78
1,447,1.87,6.50
1,448,22.99,7.41
1,449,7.50,6.26
1,450,19.30,4.37
1,451,1.54,1.78
1,452,14.30,5.21
1,453,0.86,6.53
1,454,16.44,5.79
1,455,19.63,4.76
1,456,17.78,9.33
1,457,26.32,5.43
1,458,4.79,7.11
1,459,17.93,9.77
1,460,1.99,5.43
1,461,1.57,0.06
1,462,7.53,2.05
1,463,20.57,5.01
1,464,23.41,6.59
1,465,15.38,1.26
1,466,9.52,8.77
1,467,14.63,1.81
1,468,23.72,7.82
1,469,28.43,4.94
1,470,18.47,9.12
1,471,19.72,5.03
1,472,4.84,9.79
1,473,12.41,3.15
1,474,24.61,8.47
1,475,26.30,5.35
1,476,13.06,4.71
1,477,16.38,4.99
1,478,9.52,7.50
1,479,12.77,2.01
1,480,22.25,3.77
1,481,14.52,2.08
1,482,2.85,4.28
1,483,10.61,6.34
1,484,15.46,5.39
1,485,10.49,2.20
1,486,8.99,8.87
1,487,9.66,8.56
1,488,25.16,4.42
1,489,11.51,5.99
1,490,11.65,8.40
1,491,0.92,3.68
1,492,12.77,3.60
1,493,20.96,4.22
1,494,27.28,3.14
1,495,8.56,9.55
1,496,6.11,4.76
1,497,19.73,6.36
1,498,27.62,4.69
1,499,20.83,6.55
2,0,22.59,6.58
2,1,27.86,0.77
2,2,11.83,1.73
2,3,0.30,6.76
2,4,12.56,6.61
2,5,23.28,6.69
2,6,5.75,7.48
2,7,28.17,0.72
2,8,1.02,2.44
2,9,6.26,7.02
2,10,26.72,2.80
2,11,17.89,5.70
2,12,3.58,2.20
2,13,18.54,3.52
2,14,18.68,1.15
2,15,28.80,4.24
2,16,5.92,0.37
2,17,20.57,6.19
2,18,8.79,7.80
2,19,10.94,5.87
2,20,0.52,0.72
2,21,11.45,2.93
2,22,18.37,0.19
2,23,22.50,5.79
2,24,12.06,1.12
2,25,17.42,9.70
2,26,26.23,8.02
2,27,20.31,8.84
2,28,21.51,9.11
2,29,10.17,4.63
2,30,29.61,3.22
2,31,25.56,1.14
2,32,29.28,9.64
2,33,22.35,9.63
2,34,19.43,4.44
2,35,9.67,4.37
2,36,17.33,2.78
2,37,13.76,7.42
2,38,21.28,9.40
2,39,9.15,1.94
2,40,17.76,2.68
2,41,23.92,5.52
2,42,13.01,1.95
2,43,18.51,5.13
2,44,24.17,9.71
2,45,15.96,5.52
2,46,6.49,6.36
2,47,22.50,1.77
2,48,8.97,2.54
2,49,7.01,0.31
2,50,0.99,6.90
2,51,16.59,4.56
2,52,18.88,9.43
2,53,8.87,4.55
2,54,13.75,5.64
2,55,16.71,2.50
2,56,22.09,5.60
2,57,16.72,6.09
2,58,9.96,3.21
2,59,27.26,1.87
2,60,11.23,7.00
2,61,16.74,7.89
2,62,1.19,9.72
2,63,28.44,0.22
2,64,6.72,8.11
2,65,12.51,1.90
2,66,12.83,8.09
2,67,11.49,9.20
2,68,18.51,0.42
2,69,9.91,3.44
2,70,10.09,7.58
2,71,3.73,1.73
2,72,26.35,1.44
2,73,21.28,8.02
2,74,22.66,8.86
2,75,21.28,7.05
2,76,9.12,6.43
2,77,27.92,8.62
2,78,18.79,1.32
2,79,11.70,0.69
2,80,22.52,9.32
2,81,21.89,4.13
2,82,6.63,9.10
2,83,23.89,1.42
2,84,26.17,7.20
2,85,4.76,8.70
2,86,6.31,2.04
2,87,8.34,3.87
2,88,28.60,3.94
2,89,8.11,3.91
2,90,9.11,4.22
2,91,24.84,8.79
2,92,11.87,6.68
2,93,9.56,0.82
2,94,16.23,6.42
2,95,20.20,7.46
2,96,23.60,2.06
2,97,22.89,2.08
2,98,6.14,8.53
2,99,12.90,4.37
2,100,19.88,5.55
2,101,16.03,0.46
2,102,10.47,3.23
2,103,28.24,3.45
2,104,25.00,0.68
2,105,12.02,0.92
2,106,28.82,1.22
2,107,22.16,5.77
2,108,10.57,9.19
2,109,18.09,0.42
2,110,22.70,8.48
2,111,1.81,5.84
2,112,3.84,4.32
2,113,7.76,5.72
2,114,17.37,2.93
2,115,17.41,1.81
2,116,3.96,2.91
2,117,10.93,3.69
2,118,12.86,3.48
2,119,21.37,5.93
2,120,7.71,0.80
2,121,12.73,1.94
2,122,4.23,0.97
2,123,16.72,6.60
2,124,23.46,8.07
2,125,21.96,2.02
2,126,19.71,8.76
2,127,13.74,0.61
2,128,14.61,7.22
2,129,3.55,0.64
2,130,28.26,6.37
2,131,5.94,7.58
2,132,10.32,9.68
2,133,21.33,8.97
2,134,15.95,2.82
2,135,24.53,6.16
2,136,26.69,6.80
2,137,24.55,5.01
2,138,18.34,1.28
2,139,1.97,0.52
2,140,6.27,0.78
2,141,23.83,2.07
2,142,0.77,6.17
2,143,13.06,7.11
2,144,14.53,5.00
2,145,11.92,7.40
2,146,9.82,1.71
2,147,26.60,5.91
2,148,8.13,9.63
2,149,24.09,2.55
2,150,4.39,9.05
2,151,3.67,0.14
2,152,9.55,4.79
2,153,6.75,4.05
2,154,20.60,7.81
2,155,20.89,6.58
2,156,1.36,6.54
2,157,5.03,5.65
2,158,1.51,7.21
2,159,6.59,1.47
2,160,19.22,4.25
2,161,9.35,2.46
2,162,3.93,8.10
2,163,27.67,1.75
2,164,23.50,8.74
2,165,0.34,5.33
2,166,5.04,7.92
2,167,8.88,3.25
2,168,29.84,2.09
2,169,12.82,7.29
2,170,26.74,5.12
2,171,16.43,5.04
2,172,18.65,8.23
2,173,8.43,1.06
2,174,9.94,6.59
2,175,20.61,9.26
2,176,11.65,4.71
2,177,6.84,6.93
2,178,5.58,3.73
2,179,6.46,9.74
2,180,20.17,6.41
2,181,26.03,3.61
2,182,26.86,2.72
2,183,12.79,2.03
2,184,9.54,0.97
2,185,11.29,9.07
2,186,8.80,4.89
2,187,10.91,5.68
2,188,6.83,1.61
2,189,22.35,2.32
2,190,26.06,6.54
2,191,11.50,7.43
2,192,1.84,8.67
2,193,20.16,7.61
2,194,21.64,3.96
2,195,10.32,5.06
2,196,18.53,4.29
2,197,2.08,9.67
2,198,1.26,5.11
2,199,12.61,2.94
2,200,17.96,3.44
2,201,5.29,8.76
2,202,9.44,6.14
2,203,16.45,8.80
2,204,25.38,4.37
2,205,9.85,9.03
2,206,2.58,7.74
2,207,14.88,2.35
2,208,27.09,1.38
2,209,9.89,6.80
2,210,11.30,2.48
2,211,16.22,3.23
2,212,6.44,7.03
2,213,13.69,0.37
2,214,21.43,3.72
2,215,23.98,2.78
2,216,29.52,7.27
2,217,2.60,1.09
2,218,23.92,6.27
2,219,5.00,5.37
2,220,20.44,8.13
2,221,28.47,5.81
2,222,23.50,7.53
2,223,26.26,0.97
2,224,1.91,1.08
2,225,1.05,1.63
2,226,6.91,0.25
2,227,20.84,0.18
2,228,28.79,1.98
2,229,0.94,7.99
2,230,13.07,5.75
2,231,22.20,8.77
2,232,18.58,2.22
2,233,15.66,5.81
2,234,29.73,0.56
2,235,27.76,5.87
2,236,19.05,6.61
2,237,21.19,3.25
2,238,5.93,2.37
2,239,0.86,0.80
2,240,17.83,8.18
2,241,23.44,4.57
2,242,18.54,6.18
2,243,10.54,1.90
2,244,8.19,0.05
2,245,28.61,0.50
2,246,3.94,5.85
2,247,2.51,8.62
2,248,14.51,9.72
2,249,1.72,8.57
2,250,16.66,2.16
2,251,6.54,2.38
2,252,16.96,6.49
2,253,24.44,6.08
2,254,28.25,5.11
2,255,3.51,9.21
2,256,13.82,6.83
2,257,21.71,4.02
2,258,15.35,7.42
2,259,21.33,4.85
2,260,13.58,3.63
2,261,16.17,0.99
2,262,4.00,6.50
2,263,9.37,9.73
2,264,15.14,5.36
2,265,12.58,9.79
2,266,16.10,1.30
2,267,1.65,5.78
2,268,7.15,7.32
2,269,20.42,5.51
2,270,2.21,8.09
2,271,28.62,4.21
2,272,15.84,3.29
2,273,3.89,3.82
2,274,4.04,8.49
2,275,19.00,6.01
2,276,21.62,8.87
2,277,7.69,7.60
2,278,5.41,8.07
2,279,17.32,0.50
2,280,14.96,6.78
2,281,14.86,5.62
2,282,12.12,6.65
2,283,3.85,8.28
2,284,9.80,1.45
2,285,25.30,7.20
2,286,0.47,9.89
2,287,1.01,4.56
2,288,17.06,6.74
2,289,17.21,0.40
2,290,3.49,1.85
2,291,18.98,2.41
2,292,6.31,4.91
2,293,22.02,4.18
2,294,12.51,8.70
2,295,20.30,8.90
2,296,5.86,4.84
2,297,9.75,7.16
2,298,0.92,4.79
2,299,23.43,2.13
2,300,12.23,3.88
2,301,0.64,3.00
2,302,18.65,7.72
2,303,13.98,8.08
2,304,7.95,9.49
2,305,16.83,9.60
2,306,19.28,7.51
2,307,26.28,1.27
2,308,28.22,2.66
2,309,22.59,9.65
2,310,11.87,4.49
2,311,2.35,4.29
2,312,6.77,2.92
2,313,3.19,1.13
2,314,20.70,9.55
2,315,0.31,9.86
2,316,28.84,2.53
2,317,1.91,8.95
2,318,4.46,6.69
2,319,1.45,4.17
2,320,6.07,6.38
2,321,27.33,0.46
2,322,2.60,4.04
2,323,6.91,0.53
2,324,25.79,7.00
2,325,7.84,8.60
2,326,2.15,9.05
2,327,26.58,5.02
2,328,3.89,7.32
2,329,5.76,9.13
2,330,2.24,3.46
2,331,14.15,4.36
2,332,11.83,8.68
2,333,29.52,7.15
2,334,7.60,9.19
2,335,6.63,1.76
2,336,26.07,4.92
2,337,16.47,7.01
2,338,11.03,6.88
2,339,1.90,7.92
2,340,24.32,5.00
2,341,10.91,-0.07
2,342,24.25,3.97
2,343,26.58,1.13
2,344,10.58,7.26
2,345,2.80,8.67
2,346,7.98,5.78
2,347,14.22,8.69
2,348,29.42,5.27
2,349,29.25,5.24
2,350,29.85,5.71
2,351,2.55,0.43
2,352,20.20,6.09
2,353,16.98,9.37
2,354,23.46,0.06
2,355,18.86,2.03
2,356,16.21,6.61
2,357,7.86,9.79
2,358,11.35,8.86
2,359,14.84,1.85
2,360,7.43,4.74
2,361,14.30,2.17
2,362,22.89,4.28
2,363,29.37,6.35
2,364,28.36,9.16
2,365,10.94,5.81
2,366,26.12,4.94
2,367,11.86,9.83
2,368,27.32,2.86
2,369,6.27,2.85
2,370,0.81,4.82
2,371,20.84,2.32
2,372,21.13,4.53
2,373,12.54,7.35
2,374,28.65,0.75
2,375,23.89,6.99
2,376,2.14,4.40
2,377,4.90,7.34
2,378,14.12,4.57
2,379,18.32,2.00
2,380,11.85,9.56
2,381,18.70,6.27
2,382,22.23,2.85
2,383,17.03,0.52
2,384,24.02,1.73
2,385,26.06,7.37
2,386,6.29,0.70
2,387,20.27,4.91
2,388,25.95,4.39
2,389,11.36,8.51
2,390,3.68,4.84
2,391,16.22,7.36
2,392,29.41,3.60
2,393,3.99,7.45
2,394,20.76,9.55
2,395,20.66,7.83
2,396,9.99,8.21
2,397,12.13,0.32
2,398,26.69,3.06
2,399,20.00,2.49
2,400,13.60,1.41
2,401,3.57,9.49
2,402,25.17,4.52
2,403,21.56,2.06
2,404,14.95,4.90
2,405,25.89,4.08
2,406,25.96,3.63
2,407,3.52,3.30
2,408,2.10,3.48
2,409,15.62,0.96
2,410,4.56,0.80
2,411,2.89,0.13
2,412,20.66,0.15
2,413,15.10,6.04
2,414,0.53,7.78
2,415,12.58,6.71
2,416,26.76,3.51
2,417,19.69,9.65
2,418,25.22,1.77
2,419,17.20,2.25
2,420,28.92,6.76
2,421,22.66,0.59
2,422,17.53,8.19
2,423,17.37,5.52
2,424,8.75,6.42
2,425,18.51,1.50
2,426,28.65,6.34
2,427,13.25,2.67
2,428,8.66,2.81
2,429,26.20,7.46
2,430,6.48,6.23
2,431,6.20,4.29
2,432,1.67,3.27
2,433,10.85,4.78
2,434,15.97,4.82
2,435,19.76,5.32
2,436,17.09,4.76
2,437,2.41,9.01
2,438,2.34,6.87
2,439,19.12,5.49
2,440,16.10,8.72
2,441,25.94,8.02
2,442,19.64,3.82
2,443,29.20,0.66
2,444,25.92,6.61
2,445,19.18,4.10
2,446,29.48,5.68
2,447,1.96,6.48
2,448,23.06,7.34
2,449,7.59,6.23
2,450,19.40,4.34
2,451,1.64,1.77
2,452,14.39,5.18
2,453,0.96,6.50
2,454,16.53,5.75
2,455,19.72,4.71
2,456,17.86,9.27
2,457,26.37,5.35
2,458,4.89,7.08
2,459,18.01,9.71
2,460,2.09,5.41
2,461,1.67,0.06
2,462,7.63,2.04
2,463,20.66,4.97
2,464,23.48,6.52
2,465,15.48,1.25
2,466,9.62,8.73
2,467,14.73,1.79
2,468,23.78,7.75
2,469,28.46,4.85
2,470,18.55,9.05
2,471,19.81,4.99
2,472,4.94,9.75
2,473,12.51,3.13
2,474,24.67,8.39
2,475,26.36,5.27
2,476,13.15,4.68
2,477,16.47,4.96
2,478,9.61,7.46
2,479,12.86,2.00
2,480,22.34,3.73
2,481,14.62,2.07
2,482,2.95,4.27
2,483,10.70,6.31
2,484,15.55,5.36
2,485,10.59,2.19
2,486,9.08,8.83
2,487,9.75,8.52
2,488,25.23,4.35
2,489,11.60,5.95
2,490,11.74,8.36
2,491,1.02,3.67
2,492,12.87,3.58
2,493,21.05,4.18
2,494,27.34,3.07
2,495,8.65,9.51
2,496,6.21,4.74
2,497,19.82,6.30
2,498,27.67,4.61
2,499,20.91,6.49
3,0,22.66,6.52
3,1,27.96,0.73
3,2,11.93,1.72
3,3,0.40,6.74
3,4,12.65,6.58
3,5,23.35,6.62
3,6,5.85,7.45
3,7,28.26,0.68
3,8,1.12,2.43
3,9,6.36,6.99
3,10,26.80,2.74
3,11,17.98,5.66
3,12,3.68,2.19
3,13,18.64,3.49
3,14,18.78,1.14
3,15,28.83,4.14
3,16,6.02,0.37
3,17,20.65,6.14
3,18,8.89,7.77
3,19,11.03,5.84
3,20,0.62,0.71
3,21,11.55,2.91
3,22,18.47,0.19
3,23,22.58,5.73
3,24,12.16,1.11
3,25,17.50,9.64
3,26,26.27,7.93
3,27,20.38,8.77
3,28,21.58,9.04
3,29,10.27,4.61
3,30,29.62,3.12
3,31,25.66,1.12
3,32,29.29,9.54
3,33,22.42,9.56
3,34,19.53,4.40
3,35,9.77,4.35
3,36,17.43,2.75
3,37,13.85,7.38
3,38,21.35,9.33
3,39,9.25,1.93
3,40,17.86,2.65
3,41,23.99,5.46
3,42,13.11,1.94
3,43,18.60,5.09
3,44,24.22,9.63
3,45,16.05,5.48
3,46,6.59,6.33
3,47,22.60,1.74
3,48,9.07,2.53
3,49,7.11,0.31
3,50,1.09,6.88
3,51,16.68,4.53
3,52,18.96,9.36
3,53,8.97,4.53
3,54,13.84,5.61
3,55,16.81,2.48
3,56,22.17,5.54
3,57,16.81,6.04
3,58,10.06,3.19
3,59,27.34,1.81
3,60,11.32,6.97
3,61,16.83,7.84
3,62,1.28,9.69
3,63,28.54,0.21
3,64,6.81,8.07
3,65,12.60,1.89
3,66,12.92,8.05
3,67,11.58,9.15
3,68,18.61,0.42
3,69,10.01,3.43
3,70,10.19,7.55
3,71,3.83,1.73
3,72,26.44,1.41
3,73,21.35,7.95
3,74,22.72,8.78
3,75,21.36,6.99
3,76,9.22,6.40
3,77,27.94,8.52
3,78,18.11,1.52
3,79,11.80,0.68
3,80,22.58,9.24
3,81,21.98,4.08
3,82,6.72,9.06
3,83,23.99,1.39
3,84,26.22,7.11
3,85,4.86,8.67
3,86,6.41,2.03
3,87,8.44,3.85
3,88,28.64,3.85
3,89,8.21,3.89
3,90,9.21,4.20
3,91,24.89,8.70
3,92,11.96,6.65
3,93,9.29,1.08
3,94,16.32,6.38
3,95,20.28,7.40
3,96,23.70,2.03
3,97,22.98,2.05
3,98,6.24,8.49
3,99,13.00,4.34
3,100,19.97,5.50
3,101,16.13,0.45
3,102,10.57,3.21
3,103,28.29,3.36
3,104,25.10,0.67
3,105,12.12,0.91
3,106,28.89,1.15
3,107,22.24,5.71
3,108,10.66,9.14
3,109,18.19,0.42
3,110,22.76,8.40
3,111,1.91,5.82
3,112,3.94,4.30
3,113,7.86,5.70
3,114,17.47,2.91
3,115,17.51,1.80
3,116,4.06,2.90
3,117,11.03,3.67
3,118,12.95,3.46
3,119,21.46,5.88
3,120,7.81,0.80
3,121,12.83,1.93
3,122,4.33,0.97
3,123,16.81,6.56
3,124,23.52,8.00
3,125,22.05,1.99
3,126,19.79,8.69
3,127,13.84,0.60
3,128,14.71,7.18
3,129,3.65,0.64
3,130,28.29,6.27
3,131,6.03,7.55
3,132,10.41,9.64
3,133,21.40,8.90
3,134,16.05,2.80
3,135,24.60,6.08
3,136,26.74,6.71
3,137,24.62,4.94
3,138,18.44,1.27
3,139,2.07,0.52
3,140,6.37,0.78
3,141,23.93,2.04
3,142,0.86,6.15
3,143,13.15,7.07
3,144,14.62,4.97
3,145,12.02,7.36
3,146,9.92,1.70
3,147,26.65,5.83
3,148,8.22,9.59
3,149,24.19,2.51
3,150,4.48,9.02
3,151,3.77,0.14
3,152,9.65,4.77
3,153,6.85,4.04
3,154,20.67,7.74
3,155,20.98,6.52
3,156,1.46,6.52
3,157,5.13,5.63
3,158,1.61,7.19
3,159,6.69,1.46
3,160,19.32,4.22
3,161,9.45,2.45
3,162,4.03,8.07
3,163,27.75,1.69
3,164,23.56,8.66
3,165,0.44,5.31
3,166,5.13,7.89
3,167,8.98,3.23
3,168,29.85,1.99
3,169,12.91,7.25
3,170,26.80,5.04
3,171,16.53,5.01
3,172,18.73,8.17
3,173,8.53,1.06
3,174,10.04,6.56
3,175,20.68,9.19
3,176,11.74,4.68
3,177,6.94,6.90
3,178,5.68,3.72
3,179,6.56,9.70
3,180,20.25,6.36
3,181,26.11,3.54
3,182,26.94,2.65
3,183,12.89,2.02
3,184,9.64,0.97
3,185,11.38,9.02
3,186,8.89,4.87
3,187,11.01,5.65
3,188,6.93,1.61
3,189,22.45,2.29
3,190,26.12,6.46
3,191,11.60,7.39
3,192,1.94,8.64
3,193,20.24,7.55
3,194,21.73,3.92
3,195,10.41,5.03
3,196,18.63,4.25
3,197,2.18,9.64
3,198,1.36,5.09
3,199,12.71,2.92
3,200,18.05,3.41
3,201,5.39,8.73
3,202,9.53,6.11
3,203,16.54,8.75
3,204,25.45,4.31
3,205,9.94,8.99
3,206,2.68,7.71
3,207,14.98,2.34
3,208,27.19,1.34
3,209,9.98,6.76
3,210,11.40,2.46
3,211,16.31,3.21
3,212,6.54,7.00
3,213,13.79,0.37
3,214,21.52,3.68
3,215,24.07,2.74
3,216,29.53,7.17
3,217,2.70,1.08
3,218,23.99,6.19
3,219,5.10,5.35
3,220,20.52,8.07
3,221,28.49,5.72
3,222,23.57,7.45
3,223,26.35,0.95
3,224,2.01,1.08
3,225,1.15,1.63
3,226,7.01,0.25
3,227,20.94,0.18
3,228,28.85,1.89
3,229,1.03,7.97
3,230,13.16,5.72
3,231,22.27,8.70
3,232,18.68,2.20
3,233,15.76,5.77
3,234,29.77,0.47
3,235,27.80,5.77
3,236,19.14,6.56
3,237,21.29,3.21
3,238,6.03,2.36
3,239,0.96,0.80
3,240,17.91,8.13
3,241,23.52,4.52
3,242,18.63,6.14
3,243,10.64,1.89
3,244,8.29,0.05
3,245,28.71,0.46
3,246,4.04,5.83
3,247,2.61,8.59
3,248,14.60,9.67
3,249,1.82,8.54
3,250,16.76,2.14
3,251,6.64,2.37
3,252,17.05,6.44
3,253,24.51,6.00
3,254,28.28,5.02
3,255,3.60,9.18
3,256,13.92,6.79
3,257,21.80,3.98
3,258,15.44,7.38
3,259,21.42,4.80
3,260,13.68,3.61
3,261,16.27,0.99
3,262,4.10,6.48
3,263,9.46,9.68
3,264,15.23,5.32
3,265,12.67,9.75
3,266,16.20,1.29
3,267,1.75,5.76
3,268,7.25,7.29
3,269,20.50,5.46
3,270,2.30,8.06
3,271,28.65,4.11
3,272,15.94,3.27
3,273,3.99,3.81
3,274,4.13,8.46
3,275,19.09,5.96
3,276,21.69,8.80
3,277,7.79,7.57
3,278,5.51,8.03
3,279,17.42,0.50
3,280,15.06,6.74
3,281,14.96,5.58
3,282,12.21,6.62
3,283,3.95,8.25
3,284,9.90,1.44
3,285,25.36,7.12
3,286,0.57,9.86
3,287,1.11,4.54
3,288,17.15,6.69
3,289,17.31,0.40
3,290,3.59,1.84
3,291,19.07,2.39
3,292,6.41,4.89
3,293,22.11,4.14
3,294,12.60,8.66
3,295,20.38,8.83
3,296,5.96,4.82
3,297,9.84,7.13
3,298,1.02,4.78
3,299,23.52,2.10
3,300,12.33,3.86
3,301,0.74,2.99
3,302,18.73,7.66
3,303,14.07,8.04
3,304,8.04,9.45
3,305,16.91,9.54
3,306,19.36,7.45
3,307,26.38,1.24
3,308,28.27,2.57
3,309,22.65,9.57
3,310,11.96,4.47
3,311,2.45,4.28
3,312,6.87,2.91
3,313,3.29,1.12
3,314,20.77,9.48
3,315,0.41,9.83
3,316,28.88,2.44
3,317,2.00,8.92
3,318,4.56,6.67
3,319,1.55,4.16
3,320,6.17,6.35
3,321,27.43,0.44
3,322,2.70,4.03
3,323,7.01,0.53
3,324,25.84,6.91
3,325,7.94,8.57
3,326,2.24,9.02
3,327,26.63,4.93
3,328,3.98,7.30
3,329,5.85,9.10
3,330,2.34,3.45
3,331,14.24,4.33
3,332,11.92,8.64
3,333,29.53,7.05
3,334,7.69,9.16
3,335,6.73,1.75
3,336,26.14,4.84
3,337,16.56,6.96
3,338,11.12,6.84
3,339,2.00,7.89
3,340,24.39,4.94
3,341,11.01,-0.07
3,342,24.33,3.92
3,343,26.67,1.10
3,344,10.68,7.23
3,345,2.90,8.63
3,346,8.08,5.75
3,347,14.31,8.65
3,348,29.44,5.17
3,349,29.27,5.14
3,350,29.86,5.61
3,351,2.65,0.43
3,352,20.29,6.04
3,353,17.06,9.31
3,354,23.56,0.06
3,355,18.96,2.02
3,356,16.30,6.56
3,357,7.95,9.75
3,358,11.44,8.82
3,359,14.94,1.84
3,360,7.53,4.72
3,361,14.40,2.15
3,362,22.97,4.23
3,363,29.38,6.25
3,364,28.37,9.07
3,365,11.04,5.78
3,366,26.18,4.87
3,367,11.94,9.78
3,368,27.39,2.79
3,369,6.37,2.84
3,370,0.91,4.80
3,371,20.93,2.29
3,372,21.22,4.48
3,373,12.64,7.31
3,374,28.74,0.70
3,375,23.95,6.91
3,376,2.24,4.39
3,377,4.99,7.31
3,378,14.21,4.55
3,379,18.42,1.99
3,380,11.94,9.52
3,381,18.78,6.22
3,382,22.33,2.82
3,383,17.13,0.52
3,384,24.11,1.71
3,385,26.11,7.28
3,386,6.39,0.69
3,387,20.36,4.86
3,388,26.02,4.31
3,389,11.45,8.47
3,390,3.78,4.82
3,391,16.30,7.31
3,392,29.43,3.50
3,393,4.08,7.42
3,394,20.83,9.48
3,395,20.73,7.77
3,396,10.09,8.17
3,397,12.23,0.32
3,398,26.76,2.99
3,399,20.10,2.47
3,400,13.70,1.40
3,401,3.66,9.45
3,402,25.25,4.45
3,403,21.66,2.04
3,404,15.04,4.86
3,405,25.96,4.01
3,406,26.03,3.56
3,407,3.62,3.29
3,408,2.20,3.46
3,409,15.72,0.96
3,410,3.48,0.79
3,411,2.99,0.13
3,412,20.76,0.15
3,413,15.19,6.00
3,414,0.62,7.76
3,415,12.67,6.67
3,416,26.83,3.44
3,417,19.76,9.58
3,418,25.32,1.73
3,419,17.30,2.24
3,420,28.93,6.66
3,421,22.76,0.58
3,422,17.61,8.13
3,423,17.47,5.48
3,424,8.85,6.39
3,425,18.61,1.49
3,426,28.67,6.24
3,427,13.35,2.66
3,428,8.75,2.79
3,429,26.24,7.37
3,430,6.57,6.20
3,431,6.30,4.28
3,432,1.77,3.25
3,433,10.94,4.76
3,434,16.07,4.79
3,435,19.85,5.27
3,436,17.18,4.72
3,437,2.50,8.98
3,438,2.43,6.84
3,439,19.21,5.45
3,440,16.18,8.67
3,441,25.98,7.93
3,442,19.74,3.79
3,443,29.28,0.60
3,444,25.97,6.52
3,445,19.27,4.07
3,446,29.49,5.58
3,447,2.06,6.46
3,448,23.13,7.27
3,449,7.69,6.21
3,450,19.49,4.30
3,451,1.74,1.76
3,452,14.49,5.15
3,453,1.05,6.48
3,454,16.62,5.71
3,455,19.82,4.67
3,456,17.94,9.21
3,457,26.43,5.27
3,458,4.99,7.05
3,459,18.09,9.64
3,460,2.18,5.39
3,461,1.77,0.06
3,462,7.73,2.03
3,463,20.75,4.92
3,464,23.55,6.45
3,465,15.58,1.24
3,466,9.71,8.69
3,467,14.82,1.78
3,468,23.84,7.67
3,469,28.49,4.75
3,470,18.62,8.99
3,471,19.90,4.95
3,472,5.03,9.72
3,473,12.61,3.11
3,474,24.72,8.31
3,475,26.41,5.19
3,476,13.25,4.66
3,477,16.57,4.93
3,478,9.71,7.43
3,479,12.96,1.98
3,480,22.43,3.69
3,481,14.72,2.05
3,482,3.04,4.25
3,483,10.80,6.28
3,484,15.65,5.32
3,485,10.69,2.18
3,486,9.18,8.80
3,487,9.84,8.48
3,488,25.31,4.28
3,489,11.70,5.92
3,490,11.83,8.31
3,491,1.11,3.66
3,492,12.97,3.55
3,493,21.14,4.14
3,494,27.41,2.99
3,495,8.75,9.47
3,496,6.31,4.72
3,497,19.90,6.25
3,498,27.71,4.52
3,499,20.99,6.43
4,0,22.74,6.45
4,1,28.05,0.70
4,2,12.03,1.71
4,3,0.50,6.72
4,4,12.74,6.54
4,5,23.43,6.55
4,6,5.95,7.42
4,7,28.36,0.64
4,8,1.22,2.42
4,9,6.46,6.96
4,10,26.87,2.67
4,11,18.07,5.62
4,12,3.78,2.18
4,13,18.73,3.46
4,14,18.08,1.22
4,15,28.86,4.05
4,16,6.12,0.36
4,17,20.74,6.08
4,18,8.98,7.73
4,19,11.13,5.81
4,20,0.72,0.71
4,21,11.65,2.90
4,22,18.57,0.19
4,23,22.66,5.66
4,24,12.26,1.11
4,25,17.58,9.58
4,26,26.31,7.84
4,27,20.45,8.70
4,28,21.64,8.96
4,29,10.37,4.58
4,30,29.63,3.02
4,31,25.76,1.09
4,32,29.30,9.44
4,33,22.48,9.48
4,34,19.62,4.36
4,35,9.87,4.33
4,36,17.52,2.73
4,37,13.94,7.34
4,38,21.42,9.26
4,39,9.35,1.92
4,40,17.96,2.63
4,41,24.07,5.39
4,42,13.21,1.93
4,43,18.69,5.05
4,44,24.27,9.54
4,45,16.14,5.44
4,46,6.68,6.30
4,47,22.69,1.72
4,48,9.16,2.52
4,49,7.21,0.31
4,50,1.19,6.85
4,51,16.78,4.49
4,52,19.04,9.30
4,53,9.07,4.51
4,54,13.94,5.58
4,55,16.91,2.46
4,56,22.25,5.48
4,57,16.91,6.00
4,58,10.16,3.18
4,59,27.42,1.75
4,60,11.42,6.93
4,61,16.92,7.78
4,62,1.38,9.66
4,63,28.64,0.19
4,64,6.91,8.04
4,65,12.70,1.88
4,66,13.01,8.01
4,67,11.67,9.11
4,68,18.71,0.42
4,69,10.11,3.41
4,70,10.28,7.51
4,71,3.93,1.72
4,72,26.53,1.37
4,73,21.43,7.88
4,74,22.78,8.71
4,75,21.44,6.93
4,76,9.31,6.37
4,77,27.96,8.42
4,78,18.21,1.51
4,79,11.90,0.68
4,80,22.64,9.16
4,81,22.07,4.04
4,82,6.81,9.03
4,83,24.08,1.37
4,84,26.26,7.02
4,85,4.95,8.64
4,86,6.51,2.02
4,87,8.54,3.83
4,88,28.67,3.75
4,89,8.31,3.87
4,90,9.31,4.18
4,91,24.94,8.62
4,92,12.05,6.62
4,93,9.39,1.08
4,94,16.41,6.34
4,95,20.36,7.34
4,96,23.79,2.00
4,97,23.08,2.02
4,98,6.33,8.46
4,99,13.10,4.32
4,100,20.05,5.46
4,101,16.23,0.45
4,102,10.67,3.19
4,103,28.33,3.27
4,104,25.20,0.66
4,105,12.22,0.91
4,106,28.96,1.08
4,107,22.32,5.65
4,108,10.75,9.10
4,109,18.29,0.41
4,110,22.83,8.33
4,111,2.01,5.80
4,112,4.04,4.29
4,113,7.95,5.67
4,114,17.57,2.89
4,115,17.61,1.78
4,116,4.16,2.89
4,117,11.12,3.65
4,118,13.05,3.44
4,119,21.54,5.82
4,120,7.91,0.80
4,121,12.93,1.92
4,122,4.43,0.97
4,123,16.90,6.51
4,124,23.59,7.92
4,125,22.15,1.97
4,126,19.86,8.63
4,127,13.94,0.60
4,128,14.80,7.14
4,129,3.75,0.64
4,130,28.31,6.17
4,131,6.13,7.52
4,132,10.50,9.59
4,133,21.47,8.83
4,134,16.14,2.78
4,135,24.66,6.01
4,136,26.78,6.62
4,137,24.70,4.88
4,138,18.54,1.26
4,139,2.17,0.52
4,140,6.47,0.78
4,141,24.02,2.00
4,142,0.96,6.13
4,143,13.24,7.03
4,144,14.72,4.93
4,145,12.11,7.33
4,146,10.02,1.69
4,147,26.70,5.74
4,148,8.31,9.55
4,149,24.28,2.47
4,150,4.57,8.98
4,151,3.87,0.14
4,152,9.75,4.75
4,153,6.95,4.02
4,154,20.75,7.68
4,155,21.06,6.46
4,156,1.55,6.50
4,157,5.23,5.61
4,158,1.70,7.16
4,159,6.79,1.46
4,160,19.41,4.18
4,161,9.55,2.44
4,162,4.12,8.04
4,163,27.83,1.63
4,164,23.62,8.58
4,165,0.54,5.29
4,166,5.23,7.86
4,167,9.08,3.22
4,168,29.86,1.89
4,169,13.00,7.21
4,170,26.85,4.95
4,171,16.62,4.97
4,172,18.81,8.11
4,173,8.63,1.06
4,174,10.13,6.53
4,175,20.75,9.11
4,176,11.84,4.66
4,177,7.04,6.87
4,178,5.78,3.70
4,179,6.65,9.66
4,180,20.33,6.30
4,181,26.18,3.47
4,182,27.01,2.59
4,183,12.99,2.00
4,184,9.47,1.31
4,185,11.47,8.98
4,186,8.99,4.84
4,187,11.10,5.62
4,188,7.03,1.60
4,189,22.55,2.26
4,190,26.17,6.37
4,191,11.69,7.35
4,192,2.04,8.61
4,193,20.32,7.49
4,194,21.82,3.88
4,195,10.51,5.01
4,196,18.72,4.22
4,197,2.27,9.61
4,198,1.46,5.07
4,199,12.81,2.90
4,200,18.15,3.39
4,201,5.48,8.69
4,202,9.63,6.08
4,203,16.62,8.70
4,204,25.52,4.24
4,205,10.03,8.95
4,206,2.77,7.69
4,207,15.08,2.32
4,208,27.28,1.30
4,209,10.08,6.73
4,210,11.50,2.45
4,211,16.41,3.19
4,212,6.64,6.97
4,213,13.89,0.37
4,214,21.61,3.64
4,215,24.16,2.70
4,216,29.53,7.08
4,217,2.80,1.08
4,218,24.06,6.12
4,219,5.20,5.33
4,220,20.60,8.00
4,221,28.52,5.62
4,222,23.63,7.37
4,223,26.45,0.92
4,224,2.11,1.08
4,225,1.25,1.62
4,226,7.11,0.25
4,227,21.04,0.17
4,228,28.90,1.80
4,229,1.13,7.94
4,230,13.26,5.69
4,231,22.33,8.62
4,232,18.78,2.18
4,233,15.85,5.73
4,234,29.81,0.38
4,235,27.83,5.68
4,236,19.22,6.51
4,237,21.38,3.18
4,238,6.13,2.35
4,239,1.06,0.80
4,240,17.99,8.07
4,241,23.60,4.46
4,242,18.72,6.09
4,243,10.74,1.88
4,244,8.39,0.05
4,245,28.80,0.43
4,246,4.14,5.81
4,247,2.71,8.56
4,248,14.68,9.61
4,249,1.92,8.51
4,250,16.86,2.13
4,251,6.74,2.36
4,252,17.13,6.40
4,253,24.58,5.93
4,254,28.31,4.92
4,255,3.70,9.15
4,256,14.01,6.75
4,257,21.89,3.94
4,258,15.53,7.33
4,259,21.50,4.75
4,260,13.78,3.59
4,261,16.37,0.98
4,262,4.19,6.45
4,263,9.55,9.64
4,264,15.33,5.29
4,265,12.76,9.70
4,266,16.29,1.28
4,267,1.85,5.74
4,268,7.34,7.26
4,269,20.59,5.41
4,270,2.40,8.03
4,271,28.68,4.02
4,272,16.04,3.25
4,273,4.09,3.79
4,274,4.23,8.43
4,275,19.18,5.91
4,276,21.76,8.72
4,277,7.88,7.53
4,278,5.60,8.00
4,279,17.52,0.49
4,280,15.15,6.70
4,281,15.05,5.55
4,282,12.30,6.58
4,283,4.05,8.22
4,284,10.00,1.43
4,285,25.41,7.03
4,286,0.66,9.82
4,287,1.21,4.53
4,288,17.24,6.65
4,289,17.41,0.39
4,290,3.69,1.84
4,291,19.17,2.37
4,292,6.51,4.87
4,293,22.20,4.09
4,294,12.68,8.61
4,295,20.45,8.76
4,296,6.06,4.80
4,297,9.94,7.10
4,298,1.12,4.76
4,299,23.62,2.07
4,300,12.43,3.84
4,301,0.84,2.98
4,302,18.81,7.61
4,303,14.16,7.99
4,304,8.13,9.41
4,305,16.99,9.48
4,306,19.44,7.39
4,307,26.47,1.21
4,308,28.33,2.49
4,309,22.71,9.49
4,310,12.06,4.45
4,311,2.55,4.26
4,312,6.97,2.90
4,313,3.39,1.12
4,314,20.84,9.40
4,315,0.50,9.80
4,316,28.92,2.35
4,317,2.10,8.89
4,318,4.66,6.64
4,319,1.65,4.14
4,320,6.26,6.33
4,321,27.53,0.42
4,322,2.80,4.01
4,323,7.11,0.52
4,324,25.89,6.83
4,325,8.03,8.53
4,326,2.34,8.98
4,327,26.69,4.85
4,328,4.08,7.27
4,329,5.94,9.06
4,330,2.44,3.44
4,331,14.34,4.30
4,332,12.01,8.60
4,333,29.54,6.95
4,334,7.78,9.12
4,335,6.83,1.75
4,336,26.20,4.77
4,337,16.65,6.92
4,338,11.22,6.81
4,339,2.10,7.86
4,340,24.47,4.87
4,341,11.11,-0.07
4,342,24.41,3.86
4,343,26.76,1.07
4,344,10.77,7.19
4,345,2.99,8.60
4,346,8.18,5.73
4,347,14.40,8.60
4,348,29.45,5.07
4,349,29.28,5.04
4,350,29.86,5.51
4,351,2.75,0.42
4,352,20.37,5.98
4,353,17.15,9.26
4,354,23.66,0.06
4,355,19.05,2.00
4,356,16.39,6.52
4,357,8.04,9.71
4,358,11.53,8.78
4,359,15.04,1.83
4,360,7.63,4.70
4,361,14.50,2.14
4,362,23.06,4.17
4,363,29.39,6.15
4,364,28.39,8.97
4,365,11.13,5.75
4,366,26.24,4.79
4,367,12.03,9.73
4,368,27.46,2.71
4,369,6.47,2.82
4,370,1.01,4.79
4,371,21.03,2.27
4,372,21.31,4.44
4,373,12.73,7.27
4,374,28.82,0.65
4,375,24.02,6.84
4,376,2.34,4.37
4,377,5.09,7.28
4,378,14.31,4.52
4,379,18.52,1.97
4,380,12.03,9.47
4,381,18.87,6.18
4,382,22.42,2.78
4,383,17.23,0.51
4,384,24.21,1.68
4,385,26.15,7.19
4,386,6.49,0.69
4,387,20.45,4.82
4,388,26.09,4.24
4,389,11.54,8.43
4,390,3.88,4.80
4,391,16.39,7.26
4,392,29.44,3.40
4,393,4.18,7.39
4,394,20.90,9.41
4,395,20.81,7.71
4,396,10.18,8.13
4,397,12.33,0.32
4,398,26.84,2.92
4,399,20.20,2.44
4,400,13.80,1.39
4,401,3.76,9.42
4,402,25.32,4.38
4,403,21.76,2.01
4,404,15.14,4.83
4,405,26.04,3.94
4,406,26.11,3.49
4,407,3.72,3.27
4,408,2.30,3.45
4,409,15.82,0.95
4,410,3.58,0.79
4,411,3.09,0.13
4,412,20.86,0.15
4,413,15.28,5.96
4,414,0.72,7.73
4,415,12.76,6.63
4,416,26.89,3.36
4,417,19.84,9.51
4,418,25.41,1.70
4,419,17.39,2.22
4,420,28.95,6.56
4,421,22.86,0.57
4,422,17.70,8.08
4,423,17.56,5.44
4,424,8.94,6.36
4,425,18.71,1.48
4,426,28.69,6.14
4,427,13.45,2.64
4,428,8.85,2.78
4,429,26.29,7.28
4,430,6.67,6.18
4,431,6.40,4.26
4,432,1.87,3.24
4,433,11.04,4.73
4,434,16.16,4.76
4,435,19.94,5.22
4,436,17.27,4.69
4,437,2.60,8.95
4,438,2.53,6.82
4,439,19.30,5.40
4,440,16.27,8.61
4,441,26.03,7.84
4,442,19.83,3.75
4,443,29.36,0.54
4,444,26.03,6.44
4,445,19.36,4.03
4,446,29.50,5.48
4,447,2.16,6.44
4,448,23.20,7.19
4,449,7.79,6.18
4,450,19.58,4.26
4,451,1.84,1.76
4,452,14.58,5.12
4,453,1.15,6.46
4,454,16.71,5.67
4,455,19.91,4.63
4,456,18.01,9.15
4,457,26.48,5.19
4,458,5.08,7.03
4,459,18.16,9.58
4,460,2.28,5.38
4,461,1.87,0.06
4,462,7.83,2.02
4,463,20.83,4.87
4,464,23.62,6.38
4,465,15.68,1.24
4,466,9.80,8.65
4,467,14.92,1.77
4,468,23.91,7.59
4,469,28.52,4.65
4,470,18.70,8.93
4,471,19.99,4.90
4,472,5.12,9.68
4,473,12.70,3.09
4,474,24.77,8.22
4,475,26.47,5.11
4,476,13.34,4.63
4,477,16.66,4.89
4,478,9.80,7.39
4,479,13.06,1.97
4,480,22.52,3.64
4,481,14.82,2.04
4,482,3.14,4.24
4,483,10.89,6.25
4,484,15.74,5.29
4,485,10.79,2.17
4,486,9.27,8.76
4,487,9.93,8.44
4,488,25.38,4.21
4,489,11.79,5.89
4,490,11.92,8.27
4,491,1.21,3.65
4,492,13.06,3.53
4,493,21.23,4.09
4,494,27.47,2.92
4,495,8.84,9.43
4,496,6.41,4.70
4,497,19.99,6.20
4,498,27.76,4.43
4,499,21.07,6.37
5,0,22.81,6.38
5,1,28.15,0.67
5,2,12.13,1.70
5,3,0.60,6.70
5,4,12.84,6.51
5,5,23.50,6.48
5,6,6.04,7.39
5,7,28.45,0.61
5,8,1.32,2.41
5,9,6.55,6.93
5,10,26.95,2.61
5,11,18.16,5.57
5,12,3.88,2.18
5,13,18.83,3.43
5,14,18.18,1.21
5,15,28.89,3.95
5,16,6.22,0.36
5,17,20.82,6.03
5,18,9.08,7.70
5,19,11.22,5.78
5,20,0.82,0.71
5,21,11.75,2.88
5,22,18.67,0.19
5,23,22.74,5.60
5,24,12.36,1.10
5,25,17.65,9.52
5,26,26.36,7.75
5,27,20.53,8.63
5,28,21.71,8.89
5,29,10.47,4.56
5,30,29.64,2.92
5,31,25.85,1.07
5,32,29.31,9.34
5,33,22.54,9.40
5,34,19.71,4.32
5,35,9.97,4.30
5,36,17.62,2.71
5,37,14.03,7.30
5,38,21.48,9.18
5,39,9.45,1.92
5,40,18.05,2.61
5,41,24.14,5.32
5,42,13.31,1.92
5,43,18.78,5.01
5,44,24.32,9.46
5,45,16.23,5.41
5,46,6.78,6.28
5,47,22.79,1.70
5,48,9.26,2.50
5,49,7.31,0.31
5,50,1.28,6.83
5,51,16.87,4.46
5,52,19.11,9.23
5,53,9.16,4.49
5,54,14.03,5.54
5,55,17.00,2.44
5,56,22.34,5.42
5,57,17.00,5.96
5,58,10.26,3.16
5,59,27.50,1.70
5,60,11.51,6.90
5,61,17.00,7.73
5,62,1.47,9.63
5,63,28.74,0.18
5,64,7.00,8.01
5,65,12.80,1.87
5,66,13.10,7.97
5,67,11.76,9.07
5,68,18.14,0.11
5,69,10.21,3.39
5,70,10.37,7.48
5,71,4.03,1.71
5,72,26.63,1.33
5,73,21.50,7.82
5,74,22.85,8.63
5,75,21.52,6.86
5,76,9.41,6.34
5,77,27.99,8.33
5,78,18.30,1.49
5,79,12.00,0.68
5,80,22.71,9.08
5,81,22.16,3.99
5,82,6.91,8.99
5,83,24.18,1.35
5,84,26.31,6.93
5,85,5.05,8.60
5,86,6.61,2.01
5,87,8.64,3.81
5,88,28.70,3.66
5,89,8.41,3.85
5,90,9.40,4.16
5,91,24.99,8.53
5,92,12.15,6.58
5,93,9.49,1.07
5,94,16.51,6.30
5,95,20.44,7.27
5,96,23.89,1.97
5,97,23.18,1.99
5,98,6.43,8.43
5,99,13.19,4.29
5,100,20.14,5.41
5,101,16.33,0.45
5,102,10.76,3.18
5,103,28.38,3.18
5,104,25.30,0.64
5,105,12.32,0.90
5,106,29.03,1.01
5,107,22.40,5.59
5,108,10.84,9.06
5,109,18.39,0.41
5,110,22.89,8.25
5,111,2.11,5.78
5,112,4.13,4.27
5,113,8.05,5.65
5,114,17.67,2.87
5,115,17.71,1.77
5,116,4.26,2.87
5,117,11.22,3.63
5,118,13.15,3.42
5,119,21.62,5.76
5,120,8.01,0.79
5,121,13.03,1.91
5,122,4.53,0.96
5,123,16.99,6.47
5,124,23.65,7.84
5,125,22.25,1.94
5,126,19.94,8.56
5,127,14.04,0.59
5,128,14.89,7.10
5,129,3.85,0.64
5,130,28.34,6.08
5,131,6.22,7.49
5,132,10.59,9.55
5,133,21.54,8.76
5,134,16.24,2.76
5,135,24.73,5.93
5,136,26.82,6.53
5,137,24.77,4.81
5,138,18.64,1.25
5,139,2.27,0.52
5,140,6.57,0.77
5,141,24.12,1.97
5,142,1.06,6.10
5,143,13.33,7.00
5,144,14.81,4.90
5,145,12.20,7.29
5,146,10.12,1.68
5,147,26.75,5.65
5,148,8.40,9.51
5,149,24.37,2.43
5,150,4.67,8.95
5,151,3.97,0.14
5,152,9.84,4.72
5,153,7.04,4.00
5,154,20.83,7.62
5,155,21.14,6.40
5,156,1.65,6.48
5,157,5.33,5.59
5,158,1.80,7.14
5,159,6.89,1.45
5,160,19.50,4.14
5,161,9.65,2.43
5,162,4.22,8.01
5,163,27.91,1.57
5,164,23.68,8.50
5,165,0.64,5.28
5,166,5.32,7.83
5,167,9.17,3.20
5,168,29.86,1.79
5,169,13.10,7.17
5,170,26.90,4.87
5,171,16.71,4.94
5,172,18.89,8.05
5,173,8.73,1.05
5,174,10.23,6.50
5,175,20.82,9.04
5,176,11.94,4.63
5,177,7.13,6.84
5,178,5.88,3.69
5,179,6.74,9.62
5,180,20.42,6.25
5,181,26.26,3.41
5,182,27.09,2.52
5,183,13.09,1.99
5,184,9.57,1.31
5,185,11.56,8.94
5,186,9.09,4.82
5,187,11.20,5.59
5,188,7.13,1.59
5,189,22.64,2.23
5,190,26.22,6.29
5,191,11.78,7.31
5,192,2.13,8.58
5,193,20.40,7.43
5,194,21.91,3.83
5,195,10.61,4.98
5,196,18.81,4.18
5,197,2.37,9.57
5,198,1.55,5.06
5,199,12.91,2.89
5,200,18.24,3.36
5,201,5.58,8.66
5,202,9.72,6.05
5,203,16.70,8.64
5,204,25.60,4.17
5,205,10.13,8.91
5,206,2.87,7.66
5,207,15.18,2.31
5,208,27.37,1.26
5,209,10.17,6.70
5,210,11.59,2.44
5,211,16.51,3.16
5,212,6.73,6.94
5,213,13.99,0.36
5,214,21.70,3.60
5,215,24.25,2.66
5,216,29.54,6.98
5,217,2.90,1.07
5,218,24.13,6.05
5,219,5.29,5.31
5,220,20.67,7.94
5,221,28.54,5.52
5,222,23.70,7.30
5,223,26.55,0.90
5,224,2.21,1.07
5,225,1.35,1.62
5,226,7.21,0.25
5,227,21.14,0.17
5,228,28.95,1.72
5,229,1.23,7.91
5,230,13.35,5.66
5,231,22.40,8.55
5,232,18.87,2.16
5,233,15.94,5.70
5,234,29.86,0.29
5,235,27.87,5.59
5,236,19.31,6.46
5,237,21.47,3.14
5,238,6.23,2.34
5,239,1.16,0.79
5,240,18.08,8.02
5,241,23.68,4.40
5,242,18.81,6.04
5,243,10.84,1.87
5,244,8.49,0.05
5,245,28.90,0.40
5,246,4.23,5.79
5,247,2.80,8.53
5,248,14.77,9.56
5,249,2.01,8.48
5,250,16.96,2.11
5,251,6.84,2.35
5,252,17.22,6.36
5,253,24.64,5.85
5,254,28.35,4.83
5,255,3.79,9.11
5,256,14.10,6.71
5,257,21.98,3.89
5,258,15.62,7.29
5,259,21.59,4.70
5,260,13.88,3.56
5,261,16.47,0.97
5,262,4.29,6.43
5,263,9.64,9.60
5,264,15.42,5.26
5,265,12.84,9.65
5,266,16.39,1.27
5,267,1.94,5.72
5,268,7.44,7.23
5,269,20.68,5.36
5,270,2.50,8.00
5,271,28.72,3.92
5,272,16.13,3.22
5,273,4.19,3.78
5,274,4.32,8.40
5,275,19.27,5.86
5,276,21.83,8.65
5,277,7.98,7.50
5,278,5.70,7.97
5,279,17.62,0.49
5,280,15.24,6.65
5,281,15.15,5.51
5,282,12.40,6.55
5,283,4.14,8.19
5,284,10.10,1.42
5,285,25.47,6.95
5,286,0.76,9.79
5,287,1.31,4.51
5,288,17.33,6.60
5,289,17.51,0.39
5,290,3.79,1.83
5,291,19.27,2.35
5,292,6.61,4.85
5,293,22.29,4.04
5,294,12.77,8.57
5,295,20.52,8.69
5,296,6.15,4.78
5,297,10.03,7.06
5,298,1.21,4.74
5,299,23.72,2.04
5,300,12.52,3.82
5,301,0.94,2.97
5,302,18.90,7.55
5,303,14.25,7.95
5,304,8.23,9.37
5,305,17.07,9.42
5,306,19.52,7.33
5,307,26.57,1.17
5,308,28.38,2.41
5,309,22.77,9.41
5,310,12.16,4.42
5,311,2.65,4.25
5,312,7.07,2.88
5,313,3.49,1.11
5,314,20.91,9.33
5,315,0.60,9.77
5,316,28.97,2.26
5,317,2.19,8.86
5,318,4.75,6.62
5,319,1.74,4.13
5,320,6.36,6.30
5,321,27.63,0.41
5,322,2.90,4.00
5,323,7.21,0.52
5,324,25.94,6.74
5,325,8.12,8.49
5,326,2.43,8.95
5,327,26.75,4.77
5,328,4.18,7.24
5,329,6.04,9.03
5,330,2.54,3.43
5,331,14.44,4.28
5,332,12.10,8.56
5,333,29.54,6.85
5,334,7.88,9.08
5,335,6.93,1.74
5,336,26.26,4.69
5,337,16.74,6.87
5,338,11.31,6.77
5,339,2.19,7.84
5,340,24.54,4.80
5,341,11.21,-0.07
5,342,24.49,3.80
5,343,26.86,1.04
5,344,10.86,7.16
5,345,3.09,8.57
5,346,8.27,5.70
5,347,14.48,8.55
5,348,29.46,4.97
5,349,29.29,4.95
5,350,29.86,5.41
5,351,2.85,0.42
5,352,20.46,5.93
5,353,17.23,9.20
5,354,23.76,0.06
5,355,19.15,1.98
5,356,16.48,6.48
5,357,8.13,9.67
5,358,11.62,8.73
5,359,15.14,1.81
5,360,7.72,4.68
5,361,14.60,2.13
5,362,23.14,4.12
5,363,29.40,6.05
5,364,28.41,8.87
5,365,11.23,5.72
5,366,26.30,4.71
5,367,12.12,9.69
5,368,27.53,2.64
5,369,6.57,2.81
5,370,1.10,4.77
5,371,21.13,2.24
5,372,21.40,4.39
5,373,12.82,7.23
5,374,28.91,0.61
5,375,24.09,6.76
5,376,2.44,4.36
5,377,5.18,7.25
5,378,14.41,4.49
5,379,18.61,1.95
5,380,12.12,9.42
5,381,18.96,6.13
5,382,22.51,2.75
5,383,17.33,0.51
5,384,24.31,1.65
5,385,26.20,7.10
5,386,6.59,0.69
5,387,20.54,4.77
5,388,26.16,4.16
5,389,11.63,8.39
5,390,3.98,4.79
5,391,16.48,7.22
5,392,29.46,3.30
5,393,4.27,7.36
5,394,20.97,9.34
5,395,20.88,7.64
5,396,10.27,8.10
5,397,12.43,0.32
5,398,26.91,2.85
5,399,20.30,2.42
5,400,13.90,1.39
5,401,3.85,9.38
5,402,25.39,4.31
5,403,21.86,1.99
5,404,15.24,4.80
5,405,26.11,3.87
5,406,26.18,3.43
5,407,3.82,3.26
5,408,2.40,3.44
5,409,15.92,0.94
5,410,3.68,0.79
5,411,3.19,0.13
5,412,20.96,0.15
5,413,15.38,5.92
5,414,0.82,7.71
5,415,12.86,6.60
5,416,26.96,3.29
5,417,19.91,9.44
5,418,25.50,1.66
5,419,17.49,2.20
5,420,28.96,6.46
5,421,22.96,0.57
5,422,17.78,8.02
5,423,17.65,5.40
5,424,9.04,6.33
5,425,18.11,1.73
5,426,28.71,6.05
5,427,13.55,2.63
5,428,8.95,2.77
5,429,26.33,7.19
5,430,6.77,6.15
5,431,6.50,4.24
5,432,1.97,3.23
5,433,11.14,4.71
5,434,16.26,4.73
5,435,20.03,5.18
5,436,17.37,4.66
5,437,2.69,8.92
5,438,2.63,6.80
5,439,19.39,5.36
5,440,16.35,8.56
5,441,26.08,7.75
5,442,19.93,3.72
5,443,29.43,0.47
5,444,26.08,6.35
5,445,19.46,3.99
5,446,29.50,5.38
5,447,2.26,6.41
5,448,23.27,7.12
5,449,7.88,6.15
5,450,19.67,4.22
5,451,1.94,1.75
5,452,14.68,5.09
5,453,1.25,6.44
5,454,16.81,5.64
5,455,20.00,4.59
5,456,18.09,9.09
5,457,26.54,5.10
5,458,5.18,7.00
5,459,18.24,9.52
5,460,2.38,5.36
5,461,1.97,0.06
5,462,7.93,2.01
5,463,20.92,4.83
5,464,23.69,6.31
5,465,15.78,1.23
5,466,9.89,8.61
5,467,15.02,1.76
5,468,23.97,7.51
5,469,28.55,4.56
5,470,18.78,8.87
5,471,20.08,4.86
5,472,5.21,9.64
5,473,12.80,3.08
5,474,24.83,8.14
5,475,26.53,5.02
5,476,13.44,4.60
5,477,16.75,4.86
5,478,9.90,7.36
5,479,13.16,1.96
5,480,22.61,3.60
5,481,14.92,2.03
5,482,3.24,4.22
5,483,10.99,6.22
5,484,15.84,5.25
5,485,10.89,2.16
5,486,9.36,8.72
5,487,10.03,8.40
5,488,25.46,4.15
5,489,11.89,5.86
5,490,12.01,8.23
5,491,1.31,3.63
5,492,13.16,3.51
5,493,21.32,4.05
5,494,27.54,2.84
5,495,8.93,9.39
5,496,6.50,4.68
5,497,20.07,6.15
5,498,27.80,4.34
5,499,21.16,6.32
6,0,22.89,6.32
6,1,28.24,0.63
6,2,12.23,1.69
6,3,0.69,6.67
6,4,12.93,6.47
6,5,23.57,6.41
6,6,6.14,7.36
6,7,28.54,0.57
6,8,1.42,2.40
6,9,6.65,6.90
6,10,27.03,2.54
6,11,18.25,5.53
6,12,3.98,2.17
6,13,18.93,3.40
6,14,18.28,1.20
6,15,28.91,3.85
6,16,6.32,0.36
6,17,20.90,5.97
6,18,9.17,7.67
6,19,11.32,5.75
6,20,0.92,0.71
6,21,11.84,2.87
6,22,18.77,0.19
6,23,22.82,5.54
6,24,12.46,1.10
6,25,17.73,9.45
6,26,26.40,7.66
6,27,20.60,8.57
6,28,21.78,8.82
6,29,10.56,4.54
6,30,29.65,2.82
6,31,25.95,1.04
6,32,29.31,9.24
6,33,22.60,9.32
6,34,19.80,4.29
6,35,10.07,4.28
6,36,17.72,2.69
6,37,14.12,7.26
6,38,21.55,9.11
6,39,9.54,1.91
6,40,18.15,2.59
6,41,24.21,5.26
6,42,13.41,1.91
6,43,18.87,4.97
6,44,24.37,9.37
6,45,16.33,5.37
6,46,6.88,6.25
6,47,22.89,1.68
6,48,9.36,2.49
6,49,7.41,0.31
6,50,1.38,6.81
6,51,16.97,4.43
6,52,19.19,9.17
6,53,9.26,4.47
6,54,14.13,5.51
6,55,17.10,2.42
6,56,22.42,5.37
6,57,17.09,5.92
6,58,10.36,3.15
6,59,27.59,1.64
6,60,11.60,6.86
6,61,17.09,7.68
6,62,1.57,9.60
6,63,28.84,0.17
6,64,7.09,7.98
6,65,12.90,1.86
6,66,13.19,7.92
6,67,11.85,9.02
6,68,18.24,0.11
6,69,10.31,3.38
6,70,10.47,7.44
6,71,4.13,1.71
6,72,26.72,1.30
6,73,21.57,7.75
6,74,22.91,8.55
6,75,21.59,6.80
6,76,9.50,6.31
6,77,28.01,8.23
6,78,18.40,1.48
6,79,12.10,0.67
6,80,22.77,9.01
6,81,22.25,3.95
6,82,7.00,8.95
6,83,24.28,1.33
6,84,26.36,6.84
6,85,5.14,8.57
6,86,6.71,2.01
6,87,8.74,3.80
6,88,28.74,3.56
6,89,8.51,3.84
6,90,9.50,4.14
6,91,25.04,8.45
6,92,12.24,6.55
6,93,9.58,1.07
6,94,16.60,6.25
6,95,20.52,7.21
6,96,23.98,1.94
6,97,23.27,1.97
6,98,6.52,8.39
6,99,13.29,4.27
6,100,20.23,5.36
6,101,16.43,0.44
6,102,10.86,3.16
6,103,28.42,3.09
6,104,25.40,0.63
6,105,12.42,0.90
6,106,29.10,0.93
6,107,22.48,5.53
6,108,10.93,9.01
6,109,18.49,0.41
6,110,22.96,8.17
6,111,2.21,5.76
6,112,4.23,4.25
6,113,8.15,5.62
6,114,17.76,2.84
6,115,17.81,1.75
6,116,4.36,2.86
6,117,11.32,3.61
6,118,13.25,3.40
6,119,21.70,5.71
6,120,8.11,0.79
6,121,13.13,1.90
6,122,3.49,0.96
6,123,17.08,6.42
6,124,23.71,7.76
6,125,22.35,1.92
6,126,20.02,8.50
6,127,14.14,0.59
6,128,14.98,7.05
6,129,3.95,0.63
6,130,28.37,5.98
6,131,6.32,7.46
6,132,10.68,9.51
6,133,21.61,8.69
6,134,16.34,2.74
6,135,24.80,5.86
6,136,26.87,6.44
6,137,24.85,4.74
6,138,18.74,1.24
6,139,2.37,0.51
6,140,6.67,0.77
6,141,24.21,1.94
6,142,1.16,6.08
6,143,13.43,6.96
6,144,14.91,4.87
6,145,12.29,7.25
6,146,10.22,1.67
6,147,26.80,5.57
6,148,8.49,9.47
6,149,24.46,2.40
6,150,4.76,8.92
6,151,4.07,0.14
6,152,9.94,4.70
6,153,7.14,3.98
6,154,20.90,7.55
6,155,21.22,6.34
6,156,1.75,6.45
6,157,5.42,5.56
6,158,1.90,7.11
6,159,6.99,1.44
6,160,19.60,4.11
6,161,9.75,2.41
6,162,4.31,7.98
6,163,27.99,1.51
6,164,23.74,8.42
6,165,0.74,5.26
6,166,5.42,7.80
6,167,9.27,3.19
6,168,29.87,1.69
6,169,13.19,7.13
6,170,26.96,4.79
6,171,16.81,4.90
6,172,18.97,7.99
6,173,8.83,1.05
6,174,10.32,6.46
6,175,20.90,8.97
6,176,12.03,4.61
6,177,7.23,6.81
6,178,5.98,3.67
6,179,6.83,9.58
6,180,20.50,6.19
6,181,26.33,3.34
6,182,27.16,2.46
6,183,13.19,1.98
6,184,9.67,1.30
6,185,11.65,8.89
6,186,9.19,4.80
6,187,11.29,5.57
6,188,7.23,1.59
6,189,22.74,2.20
6,190,26.27,6.20
6,191,11.88,7.28
6,192,2.23,8.55
6,193,20.47,7.37
6,194,22.00,3.79
6,195,10.71,4.96
6,196,18.91,4.15
6,197,2.46,9.54
6,198,1.65,5.04
6,199,13.01,2.87
6,200,18.34,3.33
6,201,5.67,8.63
6,202,9.82,6.03
6,203,16.79,8.59
6,204,25.67,4.10
6,205,10.22,8.87
6,206,2.97,7.63
6,207,15.28,2.29
6,208,27.46,1.21
6,209,10.27,6.67
6,210,11.69,2.42
6,211,16.60,3.14
6,212,6.83,6.91
6,213,14.09,0.36
6,214,21.79,3.56
6,215,24.34,2.62
6,216,29.55,6.88
6,217,3.00,1.07
6,218,24.20,5.98
6,219,5.39,5.29
6,220,20.75,7.87
6,221,28.57,5.43
6,222,23.76,7.22
6,223,26.64,0.87
6,224,2.31,1.07
6,225,1.45,1.61
6,226,7.31,0.25
6,227,21.24,0.17
6,228,29.00,1.63
6,229,1.32,7.89
6,230,13.45,5.62
6,231,22.47,8.47
6,232,18.97,2.14
6,233,16.03,5.66
6,234,29.90,0.20
6,235,27.90,5.49
6,236,19.39,6.41
6,237,21.57,3.11
6,238,6.33,2.33
6,239,1.26,0.79
6,240,18.16,7.96
6,241,23.76,4.35
6,242,18.90,5.99
6,243,10.94,1.86
6,244,8.59,0.05
6,245,28.99,0.36
6,246,4.33,5.76
6,247,2.90,8.50
6,248,14.85,9.51
6,249,2.11,8.45
6,250,17.06,2.09
6,251,6.94,2.34
6,252,17.31,6.31
6,253,24.71,5.78
6,254,28.38,4.73
6,255,3.88,9.08
6,256,14.19,6.68
6,257,22.07,3.85
6,258,15.71,7.24
6,259,21.68,4.65
6,260,13.97,3.54
6,261,16.57,0.97
6,262,4.39,6.40
6,263,9.73,9.56
6,264,15.52,5.22
6,265,12.93,9.60
6,266,16.49,1.26
6,267,2.04,5.70
6,268,7.53,7.20
6,269,20.76,5.31
6,270,2.59,7.98
6,271,28.75,3.82
6,272,16.23,3.20
6,273,4.29,3.76
6,274,4.42,8.37
6,275,19.35,5.81
6,276,21.90,8.58
6,277,8.07,7.47
6,278,5.79,7.94
6,279,17.72,0.48
6,280,15.33,6.61
6,281,15.24,5.48
6,282,12.49,6.51
6,283,4.24,8.16
6,284,10.20,1.42
6,285,25.52,6.87
6,286,0.85,9.76
6,287,1.41,4.50
6,288,17.41,6.56
6,289,17.61,0.39
6,290,3.88,1.82
6,291,19.37,2.33
6,292,6.70,4.83
6,293,22.37,4.00
6,294,12.86,8.52
6,295,20.60,8.63
6,296,6.25,4.76
6,297,10.13,7.03
6,298,1.31,4.73
6,299,23.81,2.00
6,300,12.62,3.80
6,301,1.04,2.96
6,302,18.98,7.50
6,303,14.34,7.90
6,304,8.32,9.33
6,305,17.15,9.36
6,306,19.61,7.28
6,307,26.66,1.14
6,308,28.44,2.32
6,309,22.84,9.33
6,310,12.26,4.40
6,311,2.75,4.23
6,312,7.17,2.87
6,313,3.59,1.11
6,314,20.98,9.26
6,315,0.69,9.74
6,316,29.01,2.17
6,317,2.29,8.83
6,318,4.85,6.59
6,319,1.84,4.11
6,320,6.46,6.28
6,321,27.73,0.39
6,322,3.00,3.98
6,323,7.31,0.52
6,324,25.99,6.66
6,325,8.22,8.46
6,326,2.53,8.92
6,327,26.80,4.69
6,328,4.27,7.22
6,329,6.13,8.99
6,330,2.64,3.41
6,331,14.53,4.25
6,332,12.19,8.51
6,333,29.55,6.75
6,334,7.97,9.04
6,335,7.03,1.73
6,336,26.32,4.61
6,337,16.83,6.82
6,338,11.40,6.74
6,339,2.29,7.81
6,340,24.62,4.74
6,341,11.31,-0.07
6,342,24.57,3.75
6,343,26.95,1.01
6,344,10.96,7.12
6,345,3.18,8.54
6,346,8.37,5.68
6,347,14.57,8.50
6,348,29.47,4.87
6,349,29.31,4.85
6,350,29.86,5.31
6,351,2.95,0.42
6,352,20.54,5.88
6,353,17.31,9.14
6,354,23.86,0.06
6,355,19.25,1.96
6,356,16.57,6.43
6,357,8.22,9.63
6,358,11.71,8.69
6,359,15.24,1.80
6,360,7.82,4.65
6,361,14.70,2.11
6,362,23.23,4.07
6,363,29.41,5.95
6,364,28.43,8.77
6,365,11.32,5.69
6,366,26.36,4.63
6,367,12.21,9.64
6,368,27.60,2.57
6,369,6.67,2.80
6,370,1.20,4.75
6,371,21.22,2.22
6,372,21.49,4.35
6,373,12.91,7.19
6,374,29.00,0.56
6,375,24.15,6.69
6,376,2.54,4.34
6,377,5.28,7.23
6,378,14.50,4.46
6,379,18.71,1.93
6,380,12.20,9.38
6,381,19.05,6.08
6,382,22.61,2.71
6,383,17.43,0.51
6,384,24.40,1.62
6,385,26.25,7.01
6,386,6.69,0.68
6,387,20.63,4.73
6,388,26.22,4.09
6,389,11.73,8.34
6,390,4.08,4.77
6,391,16.57,7.17
6,392,29.48,3.20
6,393,4.37,7.34
6,394,21.04,9.26
6,395,20.96,7.58
6,396,10.36,8.06
6,397,12.53,0.31
6,398,26.98,2.79
6,399,20.39,2.39
6,400,14.00,1.38
6,401,3.95,9.35
6,402,25.46,4.24
6,403,21.95,1.97
6,404,15.33,4.77
6,405,26.18,3.80
6,406,26.26,3.36
6,407,3.92,3.25
6,408,2.49,3.43
6,409,16.02,0.94
6,410,3.78,0.78
6,411,3.29,0.12
6,412,21.06,0.14
6,413,15.47,5.89
6,414,0.91,7.68
6,415,12.95,6.56
6,416,27.03,3.22
6,417,19.98,9.38
6,418,25.60,1.63
6,419,17.59,2.18
6,420,28.98,6.36
6,421,23.05,0.56
6,422,17.86,7.97
6,423,17.74,5.36
6,424,9.13,6.30
6,425,18.21,1.71
6,426,28.73,5.95
6,427,13.65,2.61
6,428,9.05,2.76
6,429,26.38,7.10
6,430,6.86,6.13
6,431,6.60,4.22
6,432,2.07,3.22
6,433,11.23,4.68
6,434,16.35,4.69
6,435,20.11,5.13
6,436,17.46,4.62
6,437,2.79,8.89
6,438,2.72,6.77
6,439,19.48,5.31
6,440,16.43,8.51
6,441,26.12,7.66
6,442,20.02,3.68
6,443,29.51,0.41
6,444,26.13,6.27
6,445,19.55,3.96
6,446,29.51,5.28
6,447,2.35,6.39
6,448,23.34,7.05
6,449,7.98,6.13
6,450,19.77,4.18
6,451,2.04,1.75
6,452,14.77,5.06
6,453,1.35,6.42
6,454,16.90,5.60
6,455,20.09,4.55
6,456,18.17,9.03
6,457,26.60,5.02
6,458,5.27,6.97
6,459,18.32,9.46
6,460,2.48,5.34
6,461,2.07,0.06
6,462,8.03,2.00
6,463,21.01,4.78
6,464,23.76,6.24
6,465,15.88,1.22
6,466,9.98,8.57
6,467,15.12,1.75
6,468,24.03,7.43
6,469,28.58,4.46
6,470,18.86,8.81
6,471,20.17,4.81
6,472,5.31,9.61
6,473,12.90,3.06
6,474,24.88,8.05
6,475,26.58,4.94
6,476,13.54,4.58
6,477,16.85,4.82
6,478,9.99,7.32
6,479,13.26,1.95
6,480,22.70,3.56
6,481,15.01,2.01
6,482,3.34,4.21
6,483,11.08,6.19
6,484,15.93,5.22
6,485,10.99,2.14
6,486,9.45,8.68
6,487,10.12,8.36
6,488,25.53,4.08
6,489,11.98,5.83
6,490,12.10,8.19
6,491,1.41,3.62
6,492,13.26,3.49
6,493,21.41,4.01
6,494,27.60,2.76
6,495,9.02,9.35
6,496,6.60,4.66
6,497,20.16,6.09
6,498,27.85,4.25
6,499,21.24,6.26
7,0,22.96,6.25
7,1,28.33,0.60
7,2,12.33,1.68
7,3,0.79,6.65
7,4,13.02,6.44
7,5,23.64,6.34
7,6,6.23,7.33
7,7,28.64,0.54
7,8,1.52,2.39
7,9,6.74,6.87
7,10,27.10,2.48
7,11,18.34,5.49
7,12,4.08,2.16
7,13,19.02,3.37
7,14,18.38,1.19
7,15,28.94,3.76
7,16,6.42,0.36
7,17,20.99,5.92
7,18,9.26,7.63
7,19,11.42,5.72
7,20,1.02,0.70
7,21,11.94,2.85
7,22,18.87,0.18
7,23,22.90,5.48
7,24,12.56,1.09
7,25,17.81,9.39
7,26,26.44,7.57
7,27,20.68,8.50
7,28,21.85,8.75
7,29,10.66,4.52
7,30,29.67,2.72
7,31,26.05,1.02
7,32,29.32,9.14
7,33,22.67,9.24
7,34,19.89,4.25
7,35,10.16,4.26
7,36,17.82,2.67
7,37,14.21,7.21
7,38,21.62,9.04
7,39,9.64,1.90
7,40,18.25,2.57
7,41,24.29,5.19
7,42,13.51,1.89
7,43,18.96,4.93
7,44,24.43,9.29
7,45,16.42,5.33
7,46,6.97,6.23
7,47,22.98,1.65
7,48,9.46,2.48
7,49,7.51,0.31
7,50,1.48,6.78
7,51,17.06,4.40
7,52,19.26,9.10
7,53,9.36,4.45
7,54,14.22,5.48
7,55,17.20,2.41
7,56,22.50,5.31
7,57,17.18,5.88
7,58,10.45,3.13
7,59,27.67,1.59
7,60,11.70,6.83
7,61,17.17,7.63
7,62,1.66,9.56
7,63,28.94,0.15
7,64,7.19,7.94
7,65,13.00,1.85
7,66,13.28,7.88
7,67,11.93,8.98
7,68,18.34,0.10
7,69,10.40,3.36
7,70,10.56,7.41
7,71,4.23,1.70
7,72,26.81,1.26
7,73,21.65,7.68
7,74,22.98,8.47
7,75,21.67,6.74
7,76,9.60,6.28
7,77,28.04,8.13
7,78,18.50,1.47
7,79,12.20,0.67
7,80,22.83,8.93
7,81,22.34,3.90
7,82,7.09,8.92
7,83,24.38,1.30
7,84,26.41,6.76
7,85,5.24,8.54
7,86,6.81,2.00
7,87,8.83,3.78
7,88,28.77,3.47
7,89,8.61,3.82
7,90,9.60,4.12
7,91,25.09,8.36
7,92,12.34,6.51
7,93,9.68,1.06
7,94,16.69,6.21
7,95,20.60,7.15
7,96,24.08,1.91
7,97,23.37,1.94
7,98,6.61,8.36
7,99,13.39,4.24
7,100,20.32,5.31
7,101,16.53,0.44
7,102,10.96,3.14
7,103,28.47,3.00
7,104,25.50,0.62
7,105,12.52,0.89
7,106,29.17,0.86
7,107,22.56,5.47
7,108,11.03,8.97
7,109,18.59,0.40
7,110,23.02,8.10
7,111,2.30,5.74
7,112,4.33,4.24
7,113,8.24,5.60
7,114,17.86,2.82
7,115,17.91,1.74
7,116,4.45,2.85
7,117,11.42,3.59
7,118,13.35,3.38
7,119,21.79,5.65
7,120,8.21,0.79
7,121,13.23,1.89
7,122,3.59,0.95
7,123,17.17,6.38
7,124,23.78,7.69
7,125,22.44,1.89
7,126,20.09,8.43
7,127,14.24,0.59
7,128,15.07,7.01
7,129,4.05,0.63
7,130,28.39,5.89
7,131,6.41,7.43
7,132,10.77,9.46
7,133,21.68,8.61
7,134,16.44,2.72
7,135,24.86,5.78
7,136,26.91,6.35
7,137,24.92,4.67
7,138,18.08,1.37
7,139,2.47,0.51
7,140,6.77,0.77
7,141,24.31,1.91
7,142,1.26,6.06
7,143,13.52,6.92
7,144,15.00,4.84
7,145,12.39,7.21
7,146,10.32,1.67
7,147,26.85,5.48
7,148,8.58,9.43
7,149,24.55,2.36
7,150,4.86,8.88
7,151,4.17,0.14
7,152,10.04,4.68
7,153,7.24,3.97
7,154,20.98,7.49
7,155,21.30,6.28
7,156,1.85,6.43
7,157,5.52,5.54
7,158,1.99,7.09
7,159,7.09,1.44
7,160,19.69,4.07
7,161,9.85,2.40
7,162,4.41,7.95
7,163,28.07,1.45
7,164,23.80,8.34
7,165,0.84,5.24
7,166,5.52,7.77
7,167,9.37,3.17
7,168,29.88,1.59
7,169,13.28,7.09
7,170,27.01,4.70
7,171,16.90,4.87
7,172,19.05,7.93
7,173,8.93,1.04
7,174,10.42,6.43
7,175,20.97,8.90
7,176,12.13,4.58
7,177,7.32,6.78
7,178,6.08,3.66
7,179,6.93,9.55
7,180,20.58,6.14
7,181,26.40,3.27
7,182,27.24,2.39
7,183,13.29,1.97
7,184,9.77,1.29
7,185,11.74,8.85
7,186,9.28,4.78
7,187,11.39,5.54
7,188,7.33,1.58
7,189,22.83,2.17
7,190,26.32,6.11
7,191,11.97,7.24
7,192,2.32,8.52
7,193,20.55,7.31
7,194,22.09,3.75
7,195,10.80,4.93
7,196,19.00,4.11
7,197,2.55,9.51
7,198,1.75,5.02
7,199,13.11,2.85
7,200,18.44,3.30
7,201,5.76,8.59
7,202,9.91,6.00
7,203,16.87,8.53
7,204,25.74,4.03
7,205,10.31,8.82
7,206,3.06,7.61
7,207,15.37,2.28
7,208,27.55,1.17
7,209,10.36,6.64
7,210,11.79,2.41
7,211,16.70,3.12
7,212,6.92,6.88
7,213,14.19,0.36
7,214,21.88,3.52
7,215,24.43,2.57
7,216,29.55,6.78
7,217,3.10,1.07
7,218,24.27,5.91
7,219,5.49,5.26
7,220,20.83,7.81
7,221,28.59,5.33
7,222,23.83,7.15
7,223,26.74,0.85
7,224,2.41,1.06
7,225,1.55,1.61
7,226,7.41,0.25
7,227,21.34,0.17
7,228,29.05,1.55
7,229,1.42,7.86
7,230,13.54,5.59
7,231,22.53,8.40
7,232,19.07,2.12
7,233,16.13,5.62
7,234,29.94,0.11
7,235,27.94,5.40
7,236,19.48,6.36
7,237,21.66,3.08
7,238,6.43,2.32
7,239,1.36,0.79
7,240,18.24,7.91
7,241,23.85,4.29
7,242,18.98,5.95
7,243,11.04,1.85
7,244,8.69,0.05
7,245,29.08,0.33
7,246,4.43,5.74
7,247,2.99,8.47
7,248,14.94,9.45
7,249,2.20,8.43
7,250,17.16,2.08
7,251,7.04,2.33
7,252,17.40,6.27
7,253,24.78,5.71
7,254,28.41,4.64
7,255,3.98,9.05
7,256,14.29,6.64
7,257,22.16,3.81
7,258,15.80,7.20
7,259,21.76,4.60
7,260,14.07,3.52
7,261,16.67,0.96
7,262,4.49,6.38
7,263,9.83,9.51
7,264,15.61,5.19
7,265,13.02,9.55
7,266,16.59,1.26
7,267,2.14,5.68
7,268,7.63,7.17
7,269,20.85,5.26
7,270,2.69,7.95
7,271,28.78,3.73
7,272,16.33,3.18
7,273,4.39,3.75
7,274,4.51,8.34
7,275,19.44,5.77
7,276,21.96,8.51
7,277,8.17,7.44
7,278,5.89,7.91
7,279,17.82,0.48
7,280,15.42,6.57
7,281,15.33,5.44
7,282,12.59,6.48
7,283,4.33,8.13
7,284,10.30,1.41
7,285,25.58,6.78
7,286,0.95,9.73
7,287,1.50,4.48
7,288,17.50,6.51
7,289,17.71,0.38
7,290,3.98,1.82
7,291,19.46,2.30
7,292,6.80,4.81
7,293,22.46,3.95
7,294,12.95,8.48
7,295,20.67,8.56
7,296,6.35,4.74
7,297,10.22,7.00
7,298,1.41,4.71
7,299,23.91,1.97
7,300,12.72,3.77
7,301,1.14,2.95
7,302,19.06,7.44
7,303,14.43,7.86
7,304,8.41,9.29
7,305,17.24,9.30
7,306,19.69,7.22
7,307,26.76,1.11
7,308,28.49,2.24
7,309,22.90,9.26
7,310,12.35,4.37
7,311,2.85,4.21
7,312,7.27,2.86
7,313,3.69,1.11
7,314,21.05,9.19
7,315,0.79,9.70
7,316,29.05,2.07
7,317,2.38,8.80
7,318,4.95,6.57
7,319,1.94,4.10
7,320,6.55,6.25
7,321,27.83,0.37
7,322,3.10,3.97
7,323,7.41,0.52
7,324,26.05,6.57
7,325,8.31,8.42
7,326,2.62,8.89
7,327,26.86,4.60
7,328,4.37,7.19
7,329,6.22,8.95
7,330,2.74,3.40
7,331,14.63,4.22
7,332,12.28,8.47
7,333,29.56,6.65
7,334,8.06,9.00
7,335,7.13,1.72
7,336,26.39,4.53
7,337,16.92,6.78
7,338,11.50,6.71
7,339,2.39,7.78
7,340,24.69,4.67
7,341,11.41,-0.07
7,342,24.66,3.69
7,343,27.05,0.98
7,344,11.05,7.09
7,345,3.28,8.51
7,346,8.47,5.65
7,347,14.66,8.45
7,348,29.48,4.77
7,349,29.32,4.75
7,350,29.87,5.21
7,351,3.05,0.42
7,352,20.63,5.83
7,353,17.39,9.08
7,354,23.96,0.06
7,355,19.35,1.94
7,356,16.66,6.39
7,357,8.32,9.58
7,358,11.80,8.65
7,359,15.34,1.79
7,360,7.92,4.63
7,361,14.79,2.10
7,362,23.32,4.02
7,363,29.42,5.86
7,364,28.44,8.67
7,365,11.42,5.66
7,366,26.42,4.55
7,367,12.30,9.59
7,368,27.67,2.50
7,369,6.76,2.79
7,370,1.30,4.74
7,371,21.32,2.19
7,372,21.58,4.30
7,373,13.00,7.15
7,374,29.09,0.51
7,375,24.22,6.61
7,376,2.64,4.32
7,377,5.38,7.20
7,378,14.60,4.44
7,379,18.81,1.92
7,380,12.29,9.33
7,381,19.13,6.03
7,382,22.70,2.68
7,383,17.53,0.50
7,384,24.50,1.59
7,385,26.30,6.93
7,386,6.79,0.68
7,387,20.72,4.68
7,388,26.29,4.02
7,389,11.82,8.30
7,390,4.17,4.75
7,391,16.66,7.12
7,392,29.49,3.10
7,393,4.47,7.31
7,394,21.11,9.19
7,395,21.04,7.51
7,396,10.46,8.02
7,397,12.63,0.31
7,398,27.06,2.72
7,399,20.49,2.37
7,400,14.10,1.37
7,401,4.04,9.32
7,402,25.54,4.17
7,403,22.05,1.94
7,404,15.43,4.74
7,405,26.25,3.73
7,406,26.33,3.29
7,407,4.02,3.24
7,408,2.59,3.41
7,409,16.12,0.93
7,410,3.88,0.78
7,411,3.39,0.12
7,412,21.16,0.14
7,413,15.56,5.85
7,414,1.01,7.65
7,415,13.04,6.53
7,416,27.10,3.14
7,417,20.06,9.31
7,418,25.69,1.59
7,419,17.69,2.17
7,420,29.00,6.27
7,421,23.15,0.55
7,422,17.95,7.91
7,423,17.83,5.32
7,424,9.23,6.27
7,425,18.31,1.70
7,426,28.76,5.85
7,427,13.75,2.59
7,428,9.15,2.74
7,429,26.42,7.01
7,430,6.96,6.10
7,431,6.70,4.21
7,432,2.17,3.21
7,433,11.33,4.66
7,434,16.45,4.66
7,435,20.20,5.09
7,436,17.56,4.59
7,437,2.88,8.86
7,438,2.82,6.75
7,439,19.57,5.27
7,440,16.52,8.45
7,441,26.17,7.57
7,442,20.11,3.65
7,443,29.59,0.34
7,444,26.18,6.18
7,445,19.65,3.92
7,446,29.52,5.18
7,447,2.45,6.37
7,448,23.41,6.98
7,449,8.08,6.10
7,450,19.86,4.15
7,451,2.14,1.74
7,452,14.87,5.02
7,453,1.44,6.40
7,454,16.99,5.56
7,455,20.18,4.50
7,456,18.25,8.97
7,457,26.65,4.94
7,458,5.37,6.94
7,459,18.40,9.39
7,460,2.58,5.32
7,461,2.17,0.06
7,462,8.13,1.99
7,463,21.10,4.73
7,464,23.83,6.17
7,465,15.98,1.21
7,466,10.08,8.53
7,467,15.22,1.74
7,468,24.09,7.36
7,469,28.61,4.37
7,470,18.94,8.74
7,471,20.26,4.77
7,472,5.40,9.57
7,473,13.00,3.04
7,474,24.93,7.97
7,475,26.64,4.86
7,476,13.63,4.55
7,477,16.94,4.79
7,478,10.08,7.29
7,479,13.36,1.94
7,480,22.79,3.51
7,481,15.11,2.00
7,482,3.44,4.19
7,483,11.18,6.16
7,484,16.02,5.18
7,485,11.08,2.13
7,486,9.54,8.64
7,487,10.21,8.33
7,488,25.60,4.01
7,489,12.08,5.80
7,490,12.19,8.15
7,491,1.51,3.61
7,492,13.36,3.47
7,493,21.50,3.97
7,494,27.67,2.69
7,495,9.11,9.31
7,496,6.70,4.64
7,497,20.24,6.04
7,498,27.89,4.16
7,499,21.32,6.20
8,0,23.04,6.18
8,1,28.43,0.56
8,2,12.43,1.67
8,3,0.89,6.63
8,4,13.12,6.40
8,5,23.71,6.27
8,6,6.33,7.30
8,7,28.73,0.50
8,8,1.62,2.39
8,9,6.84,6.85
8,10,27.18,2.41
8,11,18.43,5.45
8,12,4.18,2.15
8,13,19.12,3.34
8,14,18.48,1.18
8,15,28.97,3.66
8,16,6.52,0.36
8,17,21.07,5.86
8,18,9.36,7.60
8,19,11.51,5.69
8,20,1.12,0.70
8,21,12.04,2.83
8,22,18.97,0.18
8,23,22.98,5.42
8,24,12.66,1.08
8,25,17.89,9.33
8,26,26.48,7.47
8,27,20.75,8.43
8,28,21.92,8.67
8,29,10.76,4.49
8,30,29.68,2.62
8,31,26.14,0.99
8,32,29.33,9.04
8,33,22.73,9.16
8,34,19.99,4.21
8,35,10.26,4.24
8,36,17.91,2.65
8,37,14.31,7.17
8,38,21.69,8.96
8,39,9.74,1.89
8,40,18.35,2.55
8,41,24.36,5.12
8,42,13.61,1.88
8,43,19.05,4.89
8,44,24.48,9.20
8,45,16.51,5.30
8,46,7.07,6.20
8,47,23.08,1.63
8,48,9.56,2.47
8,49,7.61,0.30
8,50,1.57,6.76
8,51,17.16,4.36
8,52,19.34,9.04
8,53,9.46,4.43
8,54,14.32,5.45
8,55,17.30,2.39
8,56,22.58,5.25
8,57,17.27,5.84
8,58,10.55,3.12
8,59,27.75,1.53
8,60,11.79,6.79
8,61,17.26,7.58
8,62,1.76,9.53
8,63,29.04,0.14
8,64,7.28,7.91
8,65,13.10,1.84
8,66,13.37,7.84
8,67,12.02,8.93
8,68,18.44,0.10
8,69,10.50,3.34
8,70,10.65,7.37
8,71,4.33,1.70
8,72,26.91,1.22
8,73,21.72,7.61
8,74,23.04,8.40
8,75,21.75,6.68
8,76,9.70,6.26
8,77,28.06,8.03
8,78,18.60,1.46
8,79,12.30,0.66
8,80,22.89,8.85
8,81,22.43,3.86
8,82,7.19,8.88
8,83,24.47,1.28
8,84,26.45,6.67
8,85,5.33,8.51
8,86,6.91,1.99
8,87,8.93,3.76
8,88,28.80,3.38
8,89,8.70,3.80
8,90,9.70,4.10
8,91,25.14,8.27
8,92,12.43,6.48
8,93,9.78,1.06
8,94,16.78,6.17
8,95,20.68,7.09
8,96,24.17,1.88
8,97,23.46,1.91
8,98,6.71,8.33
8,99,13.48,4.22
8,100,20.40,5.26
8,101,16.63,0.44
8,102,11.06,3.13
8,103,28.51,2.91
8,104,25.60,0.60
8,105,12.62,0.89
8,106,29.24,0.79
8,107,22.64,5.41
8,108,11.12,8.93
8,109,18.69,0.40
8,110,23.09,8.02
8,111,2.40,5.72
8,112,4.43,4.22
8,113,8.34,5.57
8,114,17.96,2.80
8,115,18.01,1.73
8,116,4.55,2.84
8,117,11.52,3.57
8,118,13.44,3.36
8,119,21.87,5.59
8,120,8.31,0.78
8,121,13.33,1.87
8,122,3.69,0.95
8,123,17.26,6.33
8,124,23.84,7.61
8,125,22.54,1.87
8,126,20.17,8.37
8,127,14.34,0.58
8,128,15.16,6.97
8,129,4.15,0.63
8,130,28.42,5.79
8,131,6.51,7.40
8,132,10.86,9.42
8,133,21.74,8.54
8,134,16.54,2.70
8,135,24.93,5.71
8,136,26.95,6.26
8,137,24.99,4.61
8,138,18.18,1.36
8,139,2.57,0.51
8,140,6.87,0.76
8,141,24.40,1.88
8,142,1.35,6.04
8,143,13.61,6.88
8,144,15.10,4.81
8,145,12.48,7.17
8,146,10.42,1.66
8,147,26.90,5.39
8,148,8.67,9.39
8,149,24.65,2.32
8,150,4.95,8.85
8,151,4.27,0.14
8,152,10.14,4.65
8,153,7.34,3.95
8,154,21.06,7.43
8,155,21.38,6.23
8,156,1.94,6.41
8,157,5.62,5.52
8,158,2.09,7.06
8,159,7.19,1.43
8,160,19.78,4.03
8,161,9.95,2.39
8,162,4.50,7.92
8,163,28.15,1.39
8,164,23.86,8.26
8,165,0.93,5.22
8,166,5.61,7.74
8,167,9.47,3.16
8,168,29.89,1.49
8,169,13.37,7.06
8,170,27.07,4.62
8,171,17.00,4.84
8,172,19.14,7.87
8,173,9.03,1.04
8,174,10.51,6.40
8,175,21.04,8.83
8,176,12.23,4.56
8,177,7.42,6.76
8,178,6.18,3.64
8,179,7.02,9.51
8,180,20.67,6.08
8,181,26.48,3.20
8,182,27.31,2.33
8,183,13.39,1.96
8,184,9.87,1.29
8,185,11.83,8.80
8,186,9.38,4.75
8,187,11.49,5.51
8,188,7.43,1.57
8,189,22.93,2.14
8,190,26.37,6.03
8,191,12.06,7.20
8,192,2.42,8.49
8,193,20.63,7.25
8,194,22.18,3.71
8,195,10.90,4.91
8,196,19.09,4.08
8,197,2.65,9.47
8,198,1.85,5.00
8,199,13.20,2.84
8,200,18.53,3.28
8,201,5.86,8.56
8,202,10.01,5.97
8,203,16.95,8.48
8,204,25.81,3.96
8,205,10.40,8.78
8,206,3.16,7.58
8,207,15.47,2.26
8,208,27.64,1.13
8,209,10.46,6.60
8,210,11.89,2.40
8,211,16.80,3.09
8,212,7.02,6.86
8,213,14.29,0.36
8,214,21.98,3.48
8,215,24.52,2.53
8,216,29.56,6.68
8,217,3.20,1.06
8,218,24.34,5.84
8,219,5.59,5.24
8,220,20.90,7.74
8,221,28.62,5.23
8,222,23.89,7.07
8,223,26.84,0.82
8,224,2.51,1.06
8,225,1.65,1.60
8,226,7.51,0.25
8,227,21.44,0.17
8,228,29.11,1.46
8,229,1.52,7.83
8,230,13.64,5.56
8,231,22.60,8.32
8,232,19.17,2.10
8,233,16.22,5.58
8,234,29.99,0.02
8,235,27.98,5.31
8,236,19.57,6.30
8,237,21.75,3.04
8,238,6.53,2.31
8,239,1.46,0.79
8,240,18.32,7.85
8,241,23.93,4.23
8,242,19.07,5.90
8,243,11.14,1.84
8,244,8.79,0.05
8,245,29.18,0.29
8,246,4.53,5.72
8,247,3.09,8.44
8,248,15.02,9.40
8,249,2.30,8.40
8,250,17.26,2.06
8,251,7.14,2.32
8,252,17.49,6.22
8,253,24.85,5.63
8,254,28.44,4.54
8,255,4.07,9.02
8,256,14.38,6.60
8,257,22.25,3.76
8,258,15.89,7.15
8,259,21.85,4.56
8,260,14.17,3.50
8,261,16.77,0.95
8,262,4.58,6.35
8,263,9.92,9.47
8,264,15.70,5.15
8,265,13.10,9.50
8,266,16.69,1.25
8,267,2.24,5.66
8,268,7.72,7.14
8,269,20.94,5.21
8,270,2.78,7.92
8,271,28.81,3.63
8,272,16.43,3.16
8,273,4.49,3.73
8,274,4.61,8.31
8,275,19.53,5.72
8,276,22.03,8.43
8,277,8.26,7.41
8,278,5.98,7.88
8,279,17.92,0.48
8,280,15.51,6.53
8,281,15.43,5.41
8,282,12.68,6.44
8,283,4.43,8.10
8,284,10.40,1.40
8,285,25.63,6.70
8,286,1.04,9.70
8,287,1.60,4.46
8,288,17.59,6.46
8,289,17.81,0.38
8,290,4.08,1.81
8,291,19.56,2.28
8,292,6.90,4.79
8,293,22.55,3.90
8,294,13.04,8.43
8,295,20.75,8.49
8,296,6.45,4.72
8,297,10.31,6.96
8,298,1.51,4.70
8,299,24.00,1.94
8,300,12.82,3.75
8,301,1.24,2.94
8,302,19.14,7.38
8,303,14.52,7.81
8,304,8.50,9.25
8,305,17.32,9.24
8,306,19.77,7.16
8,307,26.85,1.08
8,308,28.55,2.16
8,309,22.96,9.18
8,310,12.45,4.35
8,311,2.94,4.20
8,312,7.37,2.85
8,313,3.79,1.10
8,314,21.12,9.12
8,315,0.88,9.67
8,316,29.09,1.98
8,317,2.48,8.77
8,318,5.04,6.54
8,319,2.04,4.09
8,320,6.65,6.23
8,321,27.92,0.35
8,322,3.19,3.95
8,323,7.51,0.52
8,324,26.10,6.48
8,325,8.40,8.39
8,326,2.72,8.86
8,327,26.91,4.52
8,328,4.47,7.16
8,329,6.32,8.92
8,330,2.84,3.39
8,331,14.73,4.20
8,332,12.37,8.43
8,333,29.56,6.55
8,334,8.15,8.97
8,335,7.23,1.72
8,336,26.45,4.45
8,337,17.00,6.73
8,338,11.59,6.67
8,339,2.48,7.75
8,340,24.77,4.61
8,341,11.51,-0.07
8,342,24.74,3.63
8,343,27.14,0.94
8,344,11.14,7.05
8,345,3.37,8.48
8,346,8.56,5.62
8,347,14.75,8.40
8,348,29.49,4.67
8,349,29.34,4.65
8,350,29.87,5.11
8,351,3.15,0.42
8,352,20.71,5.77
8,353,17.47,9.02
8,354,24.06,0.06
8,355,19.45,1.93
8,356,16.75,6.35
8,357,8.41,9.54
8,358,11.89,8.61
8,359,15.44,1.78
8,360,8.02,4.61
8,361,14.89,2.09
8,362,23.40,3.97
8,363,29.43,5.76
8,364,28.46,8.57
8,365,11.52,5.63
8,366,26.49,4.47
8,367,12.38,9.54
8,368,27.73,2.42
8,369,6.86,2.78
8,370,1.40,4.72
8,371,21.42,2.17
8,372,21.67,4.26
8,373,13.10,7.12
8,374,29.17,0.46
8,375,24.28,6.54
8,376,2.74,4.31
8,377,5.47,7.17
8,378,14.69,4.41
8,379,18.91,1.90
8,380,12.38,9.28
8,381,19.22,5.98
8,382,22.80,2.64
8,383,17.63,0.50
8,384,24.59,1.57
8,385,26.34,6.84
8,386,6.89,0.68
8,387,20.81,4.64
8,388,26.36,3.94
8,389,11.91,8.26
8,390,4.27,4.73
8,391,16.74,7.07
8,392,29.51,3.00
8,393,4.56,7.28
8,394,21.18,9.12
8,395,21.11,7.45
8,396,10.55,7.98
8,397,12.73,0.31
8,398,27.13,2.65
8,399,20.59,2.35
8,400,14.20,1.36
8,401,4.13,9.28
8,402,25.61,4.11
8,403,22.15,1.92
8,404,15.52,4.71
8,405,26.32,3.66
8,406,26.41,3.23
8,407,4.12,3.22
8,408,2.69,3.40
8,409,16.22,0.92
8,410,3.98,0.78
8,411,3.49,0.12
8,412,21.26,0.14
8,413,15.65,5.81
8,414,1.11,7.63
8,415,13.14,6.49
8,416,27.16,3.07
8,417,20.13,9.24
8,418,25.79,1.56
8,419,17.79,2.15
8,420,29.01,6.17
8,421,23.25,0.54
8,422,18.03,7.86
8,423,17.92,5.28
8,424,9.32,6.25
8,425,18.40,1.68
8,426,28.78,5.75
8,427,13.85,2.58
8,428,9.25,2.73
8,429,26.47,6.92
8,430,7.06,6.07
8,431,6.79,4.19
8,432,2.27,3.20
8,433,11.43,4.63
8,434,16.54,4.63
8,435,20.29,5.04
8,436,17.65,4.55
8,437,2.98,8.83
8,438,2.92,6.72
8,439,19.66,5.22
8,440,16.60,8.40
8,441,26.21,7.48
8,442,20.21,3.61
8,443,29.67,0.28
8,444,26.24,6.10
8,445,19.74,3.89
8,446,29.53,5.08
8,447,2.55,6.35
8,448,23.48,6.90
8,449,8.17,6.07
8,450,19.95,4.11
8,451,2.24,1.73
8,452,14.96,4.99
8,453,1.54,6.37
8,454,17.08,5.52
8,455,20.27,4.46
8,456,18.33,8.91
8,457,26.71,4.86
8,458,5.47,6.92
8,459,18.48,9.33
8,460,2.68,5.30
8,461,2.27,0.06
8,462,8.23,1.98
8,463,21.19,4.69
8,464,23.91,6.10
8,465,16.08,1.20
8,466,10.17,8.49
8,467,15.32,1.72
8,468,24.16,7.28
8,469,28.64,4.27
8,470,19.02,8.68
8,471,20.35,4.73
8,472,5.49,9.54
8,473,13.10,3.02
8,474,24.99,7.88
8,475,26.70,4.78
8,476,13.73,4.52
8,477,17.04,4.75
8,478,10.18,7.26
8,479,13.46,1.93
8,480,22.88,3.47
8,481,15.21,1.99
8,482,3.54,4.17
8,483,11.27,6.13
8,484,16.12,5.15
8,485,11.18,2.12
8,486,9.64,8.60
8,487,10.30,8.29
8,488,25.68,3.94
8,489,12.17,5.77
8,490,12.28,8.11
8,491,1.61,3.60
8,492,13.46,3.45
8,493,21.59,3.93
8,494,27.73,2.61
8,495,9.20,9.26
8,496,6.80,4.62
8,497,20.33,5.99
8,498,27.94,4.07
8,499,21.40,6.14
9,0,23.11,6.12
9,1,28.52,0.53
9,2,12.53,1.66
9,3,0.99,6.61
9,4,13.21,6.36
9,5,23.78,6.20
9,6,6.42,7.27
9,7,28.82,0.46
9,8,1.72,2.38
9,9,6.94,6.82
9,10,27.25,2.35
9,11,18.52,5.40
9,12,4.28,2.14
9,13,19.21,3.31
9,14,18.58,1.17
9,15,28.99,3.57
9,16,6.62,0.36
9,17,21.16,5.81
9,18,9.45,7.56
9,19,11.61,5.66
9,20,1.22,0.70
9,21,12.14,2.82
9,22,19.07,0.18
9,23,23.06,5.36
9,24,12.76,1.08
9,25,17.97,9.27
9,26,26.53,7.38
9,27,20.82,8.36
9,28,21.99,8.60
9,29,10.86,4.47
9,30,29.69,2.52
9,31,26.24,0.97
9,32,29.34,8.94
9,33,22.79,9.09
9,34,20.08,4.17
9,35,10.36,4.22
9,36,18.01,2.63
9,37,14.40,7.13
9,38,21.76,8.89
9,39,9.84,1.88
9,40,18.45,2.53
9,41,24.44,5.05
9,42,13.71,1.87
9,43,19.14,4.85
9,44,24.53,9.11
9,45,16.61,5.26
9,46,7.17,6.17
9,47,23.18,1.61
9,48,9.66,2.46
9,49,7.71,0.30
9,50,1.67,6.74
9,51,17.25,4.33
9,52,19.42,8.97
9,53,9.56,4.41
9,54,14.41,5.41
9,55,17.40,2.37
9,56,22.66,5.19
9,57,17.36,5.79
9,58,10.65,3.10
9,59,27.83,1.47
9,60,11.89,6.76
9,61,17.35,7.53
9,62,1.85,9.50
9,63,29.14,0.12
9,64,7.38,7.88
9,65,13.20,1.83
9,66,13.46,7.80
9,67,12.11,8.89
9,68,18.54,0.10
9,69,10.60,3.32
9,70,10.75,7.33
9,71,4.43,1.69
9,72,27.00,1.19
9,73,21.79,7.55
9,74,23.10,8.32
9,75,21.83,6.61
9,76,9.79,6.23
9,77,28.08,7.94
9,78,18.70,1.44
9,79,12.40,0.66
9,80,22.96,8.77
9,81,22.51,3.81
9,82,7.28,8.84
9,83,24.57,1.26
9,84,26.50,6.58
9,85,5.42,8.47
9,86,7.01,1.98
9,87,9.03,3.74
9,88,28.84,3.28
9,89,8.80,3.78
9,90,9.80,4.08
9,91,25.19,8.19
9,92,12.52,6.44
9,93,9.73,1.46
9,94,16.87,6.13
9,95,20.76,7.03
9,96,24.27,1.85
9,97,23.56,1.88
9,98,6.80,8.29
9,99,13.58,4.20
9,100,20.49,5.22
9,101,16.73,0.43
9,102,11.16,3.11
9,103,28.56,2.82
9,104,25.70,0.59
9,105,12.72,0.88
9,106,29.31,0.72
9,107,22.72,5.35
9,108,11.21,8.89
9,109,18.79,0.40
9,110,23.15,7.95
9,111,2.50,5.70
9,112,4.53,4.20
9,113,8.44,5.55
9,114,18.06,2.78
9,115,18.11,1.71
9,116,3.48,2.83
9,117,11.62,3.55
9,118,13.54,3.34
9,119,21.95,5.54
9,120,8.41,0.78
9,121,13.43,1.86
9,122,3.79,0.95
9,123,17.35,6.29
9,124,23.90,7.53
9,125,22.64,1.85
9,126,20.25,8.30
9,127,14.44,0.58
9,128,15.25,6.93
9,129,4.25,0.63
9,130,28.45,5.69
9,131,6.60,7.37
9,132,10.95,9.37
9,133,21.81,8.47
9,134,16.63,2.68
9,135,25.00,5.63
9,136,27.00,6.17
9,137,25.07,4.54
9,138,18.28,1.35
9,139,2.67,0.51
9,140,6.97,0.76
9,141,24.50,1.85
9,142,1.45,6.02
9,143,13.70,6.84
9,144,15.19,4.78
9,145,12.57,7.14
9,146,10.52,1.65
9,147,26.95,5.31
9,148,8.77,9.35
9,149,24.74,2.28
9,150,5.05,8.82
9,151,4.37,0.13
9,152,10.23,4.63
9,153,7.44,3.93
9,154,21.13,7.36
9,155,21.46,6.17
9,156,2.04,6.39
9,157,5.72,5.50
9,158,2.19,7.04
9,159,7.29,1.43
9,160,19.88,4.00
9,161,10.05,2.38
9,162,4.60,7.89
9,163,28.23,1.33
9,164,23.92,8.18
9,165,1.03,5.20
9,166,5.71,7.70
9,167,9.57,3.14
9,168,29.89,1.39
9,169,13.46,7.02
9,170,27.12,4.53
9,171,17.09,4.80
9,172,19.22,7.82
9,173,9.13,1.03
9,174,10.61,6.37
9,175,21.11,8.76
9,176,12.32,4.53
9,177,7.51,6.73
9,178,6.27,3.63
9,179,7.11,9.47
9,180,20.75,6.03
9,181,26.55,3.14
9,182,27.39,2.26
9,183,13.48,1.95
9,184,9.97,1.28
9,185,11.92,8.76
9,186,9.48,4.73
9,187,11.58,5.48
9,188,7.53,1.57
9,189,23.02,2.11
9,190,26.42,5.94
9,191,12.15,7.17
9,192,2.51,8.46
9,193,20.71,7.19
9,194,22.27,3.66
9,195,11.00,4.88
9,196,19.19,4.04
9,197,2.74,9.44
9,198,1.95,4.99
9,199,13.30,2.82
9,200,18.63,3.25
9,201,5.95,8.53
9,202,10.11,5.94
9,203,17.04,8.42
9,204,25.89,3.89
9,205,10.49,8.74
9,206,3.25,7.55
9,207,15.57,2.24
9,208,27.73,1.08
9,209,10.55,6.57
9,210,11.99,2.38
9,211,16.90,3.07
9,212,7.11,6.83
9,213,14.39,0.36
9,214,22.07,3.44
9,215,24.62,2.49
9,216,29.57,6.58
9,217,3.30,1.06
9,218,24.41,5.76
9,219,5.68,5.22
9,220,20.98,7.68
9,221,28.64,5.14
9,222,23.96,7.00
9,223,26.93,0.80
9,224,2.61,1.06
9,225,1.75,1.59
9,226,7.61,0.24
9,227,21.54,0.16
9,228,29.16,1.38
9,229,1.61,7.81
9,230,13.73,5.53
9,231,22.67,8.25
9,232,19.27,2.08
9,233,16.31,5.55
9,234,30.03,-0.07
9,235,28.01,5.21
9,236,19.65,6.25
9,237,21.85,3.01
9,238,6.63,2.30
9,239,1.56,0.78
9,240,18.41,7.79
9,241,24.01,4.17
9,242,19.16,5.85
9,243,11.24,1.83
9,244,8.89,0.05
9,245,29.27,0.26
9,246,4.62,5.70
9,247,3.18,8.41
9,248,15.11,9.35
9,249,2.39,8.37
9,250,17.36,2.05
9,251,7.24,2.31
9,252,17.58,6.18
9,253,24.91,5.56
9,254,28.47,4.45
9,255,4.17,8.98
9,256,14.47,6.56
9,257,22.34,3.72
9,258,15.98,7.10
9,259,21.94,4.51
9,260,14.27,3.48
9,261,16.87,0.94
9,262,4.68,6.33
9,263,10.01,9.43
9,264,15.80,5.12
9,265,13.19,9.45
9,266,16.79,1.24
9,267,2.34,5.64
9,268,7.82,7.10
9,269,21.02,5.16
9,270,2.88,7.89
9,271,28.84,3.54
9,272,16.52,3.13
9,273,4.59,3.72
9,274,4.70,8.28
9,275,19.62,5.67
9,276,22.10,8.36
9,277,8.36,7.37
9,278,6.08,7.85
9,279,18.02,0.47
9,280,15.60,6.49
9,281,15.52,5.37
9,282,12.77,6.41
9,283,4.52,8.07
9,284,10.50,1.40
9,285,25.68,6.61
9,286,1.14,9.67
9,287,1.70,4.45
9,288,17.68,6.42
9,289,17.91,0.38
9,290,4.18,1.80
9,291,19.66,2.26
9,292,7.00,4.77
9,293,22.64,3.86
9,294,13.13,8.39
9,295,20.82,8.42
9,296,6.55,4.70
9,297,10.41,6.93
9,298,1.61,4.68
9,299,24.10,1.91
9,300,12.91,3.73
9,301,1.34,2.93
9,302,19.23,7.33
9,303,14.61,7.77
9,304,8.59,9.21
9,305,17.40,9.19
9,306,19.85,7.11
9,307,26.95,1.04
9,308,28.61,2.08
9,309,23.02,9.10
9,310,12.55,4.33
9,311,3.04,4.18
9,312,7.47,2.83
9,313,3.89,1.10
9,314,21.19,9.05
9,315,0.98,9.64
9,316,29.13,1.89
9,317,2.57,8.74
9,318,5.14,6.52
9,319,2.14,4.07
9,320,6.75,6.20
9,321,28.02,0.34
9,322,3.29,3.94
9,323,7.61,0.51
9,324,26.15,6.40
9,325,8.50,8.35
9,326,2.81,8.83
9,327,26.97,4.44
9,328,4.56,7.14
9,329,6.41,8.88
9,330,2.94,3.38
9,331,14.82,4.17
9,332,12.46,8.38
9,333,29.57,6.45
9,334,8.25,8.93
9,335,7.33,1.71
9,336,26.51,4.38
9,337,17.09,6.69
9,338,11.69,6.64
9,339,2.58,7.73
9,340,24.85,4.54
9,341,11.61,-0.07
9,342,24.82,3.58
9,343,27.24,0.91
9,344,11.24,7.02
9,345,3.47,8.45
9,346,8.66,5.60
9,347,14.83,8.36
9,348,29.50,4.57
9,349,29.35,4.55
9,350,29.87,5.01
9,351,3.25,0.42
9,352,20.80,5.72
9,353,17.55,8.96
9,354,24.16,0.06
9,355,19.55,1.91
9,356,16.84,6.30
9,357,8.50,9.50
9,358,11.98,8.56
9,359,15.53,1.76
9,360,8.12,4.59
9,361,14.99,2.07
9,362,23.49,3.92
9,363,29.44,5.66
9,364,28.48,8.48
9,365,11.61,5.60
9,366,26.55,4.39
9,367,12.47,9.50
9,368,27.80,2.35
9,369,6.96,2.76
9,370,1.50,4.70
9,371,21.51,2.15
9,372,21.76,4.21
9,373,13.19,7.08
9,374,29.26,0.41
9,375,24.35,6.46
9,376,2.84,4.29
9,377,5.57,7.14
9,378,14.79,4.38
9,379,19.01,1.88
9,380,12.47,9.24
9,381,19.31,5.93
9,382,22.89,2.61
9,383,17.73,0.49
9,384,24.69,1.54
9,385,26.39,6.75
9,386,6.99,0.67
9,387,20.90,4.59
9,388,26.43,3.87
9,389,12.00,8.22
9,390,4.37,4.71
9,391,16.83,7.03
9,392,29.53,2.91
9,393,4.66,7.25
9,394,21.25,9.05
9,395,21.19,7.38
9,396,10.64,7.94
9,397,12.83,0.31
9,398,27.20,2.58
9,399,20.68,2.32
9,400,14.30,1.35
9,401,4.23,9.25
9,402,25.68,4.04
9,403,22.24,1.89
9,404,15.62,4.68
9,405,26.39,3.59
9,406,26.48,3.16
9,407,4.22,3.21
9,408,2.79,3.39
9,409,16.32,0.92
9,410,4.08,0.77
9,411,3.59,0.12
9,412,21.36,0.14
9,413,15.75,5.77
9,414,1.20,7.60
9,415,13.23,6.45
9,416,27.23,3.00
9,417,20.20,9.17
9,418,25.88,1.52
9,419,17.89,2.13
9,420,29.03,6.07
9,421,23.35,0.53
9,422,18.12,7.80
9,423,18.02,5.24
9,424,9.42,6.22
9,425,18.50,1.67
9,426,28.80,5.66
9,427,13.94,2.56
9,428,9.35,2.72
9,429,26.51,6.83
9,430,7.15,6.05
9,431,6.89,4.17
9,432,2.37,3.19
9,433,11.53,4.61
9,434,16.63,4.60
9,435,20.38,4.99
9,436,17.74,4.52
9,437,3.07,8.79
9,438,3.02,6.70
9,439,19.75,5.18
9,440,16.69,8.35
9,441,26.26,7.40
9,442,20.30,3.58
9,443,29.74,0.22
9,444,26.29,6.01
9,445,19.83,3.85
9,446,29.54,4.98
9,447,2.65,6.32
9,448,23.54,6.83
9,449,8.27,6.04
9,450,20.05,4.07
9,451,2.34,1.73
9,452,15.06,4.96
9,453,1.64,6.35
9,454,17.17,5.48
9,455,20.36,4.42
9,456,18.41,8.85
9,457,26.76,4.77
9,458,5.56,6.89
9,459,18.55,9.27
9,460,2.77,5.28
9,461,2.37,0.06
9,462,8.33,1.97
9,463,21.28,4.64
9,464,23.98,6.02
9,465,16.18,1.19
9,466,10.26,8.45
9,467,15.42,1.71
9,468,24.22,7.20
9,469,28.67,4.18
9,470,19.09,8.62
9,471,20.44,4.68
9,472,5.59,9.50
9,473,13.20,3.01
9,474,25.04,7.80
9,475,26.76,4.69
9,476,13.83,4.50
9,477,17.13,4.72
9,478,10.27,7.22
9,479,13.56,1.91
9,480,22.97,3.42
9,481,15.31,1.97
9,482,3.64,4.16
9,483,11.37,6.10
9,484,16.21,5.11
9,485,11.28,2.11
9,486,9.73,8.56
9,487,10.39,8.25
9,488,25.75,3.88
9,489,12.27,5.74
9,490,12.37,8.06
9,491,1.71,3.58
9,492,13.55,3.43
9,493,21.69,3.88
9,494,27.80,2.54
9,495,9.29,9.22
9,496,6.90,4.61
9,497,20.41,5.94
9,498,27.98,3.98
9,499,21.48,6.08
