y_position,avg_steps
0.000000,4019.140000
,4196,3998,4039,3983,3972,4036,4074,4001,3928,3889,4088,4079,4051,3953,4082,4098,4190,3921,4097,3907,3986,4186,4046,4027,4056,3883,4019,3967,4042,4114,4010,4140,3896,4000,4072,3958,4069,4203,3980,3901,3978,3958,4017,3995,3955,4034,4047,4131,3974,4027,4174,4219,4019,3953,3922,3968,3970,4057,3832,4149,3889,3968,3909,3952,3922,4034,4089,3947,3903,3990,3945,4086,3993,3987,4055,4034,4049,3907,4106,3993,4096,4041,3873,4093,4228,4143,4072,3989,4024,4043,4193,3936,3975,3913,4072,3972,4052,3878,4124,3923
0.100000,4032.340000
,3974,3974,4083,4002,4071,3966,4121,4112,4098,3975,4170,4064,4226,4076,4089,4007,4078,4022,4015,4045,3943,4090,3956,4045,4065,3956,4188,4055,3912,4129,4086,4108,4123,4122,4070,4017,4017,3981,4093,4046,3897,3928,3872,4081,3977,3916,4011,4033,4100,4053,4064,3990,3894,3947,4057,4188,3984,3985,4099,4121,4084,3994,4045,3956,3985,4256,4163,4039,4008,4116,3969,3963,4153,4108,3915,4002,4062,4053,3978,3967,3877,3901,4065,4057,3931,3940,3948,3999,3985,4017,3889,3908,4044,3910,4108,4011,4102,4276,3971,4112
0.200000,4038.930000
,4182,4031,3944,4165,4126,4037,3942,4065,4123,4088,3962,3943,4039,4040,3946,4162,3958,4152,4041,3999,3950,4087,4054,4024,4032,4087,3926,3961,4022,3873,4019,4051,4009,4049,4099,4116,4141,3902,4037,3999,4022,4144,4063,3991,3898,4118,4182,3991,4055,4028,4080,3887,3930,4014,4241,4137,3858,4000,3985,4150,4085,4079,4131,3994,4023,4207,3933,3862,4037,4064,3807,3884,4083,4168,4151,4123,4096,4072,4064,4123,4120,4019,4029,4106,3787,4057,4066,4105,4205,4039,4019,3961,4063,4065,4022,4071,4047,3963,3934,4072
0.300000,4023.240000
,3977,4019,4050,4016,3871,4144,3977,4008,3963,4126,3853,3944,3941,4029,3988,4066,4037,4181,3967,4013,4128,3975,4027,4055,4077,3894,3931,4026,3973,3980,4101,4007,4002,4000,4035,3950,4194,3888,4133,4065,4065,4003,4039,3897,4014,4084,3984,3921,3952,4098,3834,4051,3907,4086,4199,4003,4014,4025,3992,4049,4100,4070,4171,4159,4144,4097,3920,4144,3902,3878,4105,4094,3945,4099,4074,3977,4142,4126,4011,4104,4051,3965,3925,3987,4086,3920,3908,4144,4161,4067,3932,3987,4072,3875,3949,4109,4117,4053,3984,3942
0.400000,4032.490000
,3894,3933,4065,4078,4217,4042,4019,4039,4180,3943,3903,4086,4144,3835,4204,4066,4012,4101,4151,4069,4025,4031,4090,4090,3913,3996,3985,4050,4051,4005,3999,3984,4005,3964,4012,4074,4098,3895,4094,4023,3864,3994,4038,4076,4110,4171,3883,4082,3961,4065,3961,4075,3836,3970,4010,3878,4217,4026,3998,3928,3860,4271,4177,4024,4030,4049,4155,4151,3888,4030,4106,4000,4009,4238,4053,4077,4029,4182,3924,3933,4047,3971,3998,4193,4021,4047,4054,4127,4101,3923,4000,4002,4014,3959,4021,4011,3923,4022,4110,4011
0.500000,4017.200000
,3954,4147,4067,4090,4165,4108,4112,3935,3965,4088,3868,3980,4040,3966,4010,3988,4054,3929,4060,4067,4013,4079,3936,3930,3905,4102,4099,4059,4078,3956,3866,4204,3961,3865,4157,3882,3956,4052,4114,3909,3914,4012,3817,4053,3999,4088,3979,3986,3963,4055,4046,3961,4037,4065,3904,4014,3916,4030,4055,3945,3985,3989,4023,3965,4192,4078,3915,4056,4106,3985,4010,4234,4076,4119,4061,3929,4155,3991,3873,3892,4196,4093,4017,4095,3883,3930,4092,4021,4035,4057,4082,4005,4086,3971,3952,3990,4097,4017,4015,3897
0.600000,4046.370000
,4012,3996,4028,4121,4018,4079,3942,3985,4027,4164,4006,3904,4176,4142,4081,3988,4077,3823,4150,4000,4040,4052,4082,3980,3910,3961,4119,3935,3969,4267,3925,4150,3978,3933,3958,4051,4114,4075,3958,4103,4051,4066,3929,4157,4046,4155,4139,4048,4174,4456,4074,4042,4114,4072,4053,4030,3905,4113,4007,4107,4097,4130,4023,4015,4108,3995,4122,4188,3998,4074,3922,4038,4171,3978,3960,4171,4114,3950,3942,4039,3883,4113,3990,3897,4130,3898,4013,4012,4057,3917,4058,4106,4106,4021,4032,4078,4130,4094,4050,4000
0.700000,4022.050000
,3988,4023,3960,3937,4025,3926,3818,3905,3933,3981,3795,3913,3898,4041,4006,4061,4133,3967,4145,4002,4070,3823,4015,3908,4028,4110,4113,4158,4087,4076,4039,4076,3958,4185,3907,3993,4124,4001,4012,4072,4005,4146,3964,4029,4145,3860,4198,3844,4019,4056,4093,4019,4135,4123,4202,3891,4130,3943,4131,3952,3981,3917,4055,4051,3941,4118,4220,3999,4023,4089,4086,4025,3850,3978,3978,3997,3877,4031,4146,3903,4061,4120,4006,4197,3875,3936,4155,3919,4095,4086,3970,4078,3949,4071,4064,4093,4065,4073,3891,4139
0.800000,4021.460000
,3958,4057,3978,3965,3917,3873,4161,3847,4148,4158,4119,3998,3942,3849,4016,3988,4058,4027,3997,4149,3833,3918,4079,4211,4140,4038,4093,3933,4075,3968,4011,4133,4117,4061,3969,3974,4018,4073,4024,3901,3949,4137,3981,3872,3996,3956,3922,4018,4077,4075,4022,3955,3907,3854,3990,4050,3942,4002,3980,4013,4004,4203,4017,4298,3926,4164,3939,4127,4008,4093,3987,3957,4029,3836,4218,4081,4179,4081,3950,4012,4036,4063,3989,3824,3999,4138,4088,4072,3942,3959,3974,4093,4100,4015,4275,4052,3939,4017,3892,4098
0.900000,4035.190000
,4087,4098,4233,4078,4166,3945,4021,4129,3972,3996,4077,4091,4042,3999,4068,3926,4045,3950,4066,4069,4041,4096,4145,4066,4031,3985,4028,3949,4269,4105,4203,4133,4124,4127,3954,3962,3908,3916,4111,3920,4091,4065,3993,4198,4075,3988,4019,3995,3968,3848,4070,4052,3993,3939,3959,4024,4080,3930,4176,4111,4082,4162,3937,3997,3940,3953,3997,3992,3804,4073,4072,4109,4151,4054,3934,3956,3996,3938,4267,4121,3972,4058,4218,3930,3986,4035,3918,3983,4072,4137,3904,4102,3984,4042,3982,4204,3970,3840,3951,3991
